set sql_mode = '';
INSERT INTO `gen_modules` (`id_modules`, `lib`, `columns_name`, `use_versioning`, `use_auto_translate`, `is_enabled`) VALUES
('1006767121', 'plateforme', '{"ID_PLATEFORME":{"name":"id_plateforme","max_length":"10","type":"int","scale":null,"not_null":true,"primary_key":true,"auto_increment":true,"binary":false,"unsigned":true,"zerofill":false,"has_default":false},"CREATED_AT":{"name":"created_at","max_length":-1,"type":"datetime","scale":null,"not_null":false,"primary_key":false,"auto_increment":false,"binary":false,"unsigned":false,"zerofill":false,"has_default":false},"UPDATED_AT":{"name":"updated_at","max_length":-1,"type":"datetime","scale":null,"not_null":false,"primary_key":false,"auto_increment":false,"binary":false,"unsigned":false,"zerofill":false,"has_default":false},"LIB":{"name":"lib","max_length":"1024","type":"varchar","scale":null,"not_null":false,"primary_key":false,"auto_increment":false,"binary":false,"unsigned":false,"zerofill":false,"has_default":true,"default_value":"GaboX"},"CONTENT":{"name":"content","max_length":-1,"type":"mediumtext","scale":null,"not_null":false,"primary_key":false,"auto_increment":false,"binary":false,"unsigned":false,"zerofill":false,"has_default":false},"MEDIA":{"name":"media","max_length":"1024","type":"varchar","scale":null,"not_null":false,"primary_key":false,"auto_increment":false,"binary":false,"unsigned":false,"zerofill":false,"has_default":true,"default_value":"\\/images\\/gabox-logo-w.png"},"SIDEBARFIX":{"name":"sidebarfix","max_length":"1","type":"tinyint","scale":null,"not_null":true,"primary_key":false,"auto_increment":false,"binary":false,"unsigned":false,"zerofill":false,"has_default":true,"default_value":"1"},"HEADERFIX":{"name":"headerfix","max_length":"1","type":"tinyint","scale":null,"not_null":true,"primary_key":false,"auto_increment":false,"binary":false,"unsigned":false,"zerofill":false,"has_default":true,"default_value":"1"},"FULLWIDTH":{"name":"fullwidth","max_length":"1","type":"tinyint","scale":null,"not_null":false,"primary_key":false,"auto_increment":false,"binary":false,"unsigned":false,"zerofill":false,"has_default":true,"default_value":"1"},"BGCOLOR_HEAD":{"name":"bgcolor_head","max_length":"10","type":"varchar","scale":null,"not_null":true,"primary_key":false,"auto_increment":false,"binary":false,"unsigned":false,"zerofill":false,"has_default":true,"default_value":"#242e3e"},"BGCOLOR_MENU":{"name":"bgcolor_menu","max_length":"10","type":"varchar","scale":null,"not_null":true,"primary_key":false,"auto_increment":false,"binary":false,"unsigned":false,"zerofill":false,"has_default":true,"default_value":"#242e3e"},"ID_LOCALES":{"name":"id_locales","max_length":"11","type":"int","scale":null,"not_null":true,"primary_key":false,"auto_increment":false,"binary":false,"unsigned":false,"zerofill":false,"has_default":true,"default_value":"4"},"MENU_LINKCOLOR":{"name":"menu_linkcolor","max_length":"10","type":"varchar","scale":null,"not_null":true,"primary_key":false,"auto_increment":false,"binary":false,"unsigned":false,"zerofill":false,"has_default":true,"default_value":"#b5bdca"},"MENU_HOVERCOLOR":{"name":"menu_hovercolor","max_length":"10","type":"varchar","scale":null,"not_null":true,"primary_key":false,"auto_increment":false,"binary":false,"unsigned":false,"zerofill":false,"has_default":true,"default_value":"#00a6b3"},"IS_MULTISITE":{"name":"is_multisite","max_length":"1","type":"tinyint","scale":null,"not_null":true,"primary_key":false,"auto_increment":false,"binary":false,"unsigned":false,"zerofill":false,"has_default":true,"default_value":"0"},"IS_MULTILANG":{"name":"is_multilang","max_length":"1","type":"tinyint","scale":null,"not_null":true,"primary_key":false,"auto_increment":false,"binary":false,"unsigned":false,"zerofill":false,"has_default":true,"default_value":"0"},"AUTOUPDATE_URL":{"name":"autoupdate_url","max_length":"1","type":"tinyint","scale":null,"not_null":true,"primary_key":false,"auto_increment":false,"binary":false,"unsigned":false,"zerofill":false,"has_default":true,"default_value":"1"}}', 0, 0, 1),
('1209032818', 'backevents', '{"ID_BACKEVENTS":{"name":"id_backevents","max_length":"11","type":"int","scale":null,"not_null":true,"primary_key":true,"auto_increment":true,"binary":false,"unsigned":false,"zerofill":false,"has_default":false},"ID_ADMINS":{"name":"id_admins","max_length":-1,"type":"mediumtext","scale":null,"not_null":true,"primary_key":false,"auto_increment":false,"binary":false,"unsigned":false,"zerofill":false,"has_default":false},"CREATED_AT":{"name":"created_at","max_length":-1,"type":"datetime","scale":null,"not_null":true,"primary_key":false,"auto_increment":false,"binary":false,"unsigned":false,"zerofill":false,"has_default":false},"LIB":{"name":"lib","max_length":"512","type":"varchar","scale":null,"not_null":false,"primary_key":false,"auto_increment":false,"binary":false,"unsigned":false,"zerofill":false,"has_default":false},"TYPE":{"name":"type","max_length":7,"type":"enum","scale":null,"enums":["\'ERROR\'","\'WARNING\'","\'MSG\'","\'INSERT\'","\'DELETE\'","\'UPDATE\'"],"not_null":true,"primary_key":false,"auto_increment":false,"binary":false,"unsigned":false,"zerofill":false,"has_default":false}}', 0, 0, 1),
('1400097126', 'country', '{"ID_COUNTRY":{"name":"id_country","max_length":"8","type":"mediumint","scale":null,"not_null":true,"primary_key":true,"auto_increment":true,"binary":false,"unsigned":true,"zerofill":false,"has_default":false},"ID":{"name":"id","max_length":"2","type":"varchar","scale":null,"not_null":true,"primary_key":false,"auto_increment":false,"binary":false,"unsigned":false,"zerofill":false,"has_default":false},"LIB":{"name":"lib","max_length":"64","type":"varchar","scale":null,"not_null":true,"primary_key":false,"auto_increment":false,"binary":false,"unsigned":false,"zerofill":false,"has_default":false}}', 0, 0, 1),
('1666719749', 'mails', '{"ID_MAILS":{"name":"id_mails","max_length":"8","type":"mediumint","scale":null,"not_null":true,"primary_key":true,"auto_increment":true,"binary":false,"unsigned":true,"zerofill":false,"has_default":false},"SUBJECT":{"name":"subject","max_length":"255","type":"varchar","scale":null,"not_null":true,"primary_key":false,"auto_increment":false,"binary":false,"unsigned":false,"zerofill":false,"has_default":false},"CONTENT":{"name":"content","max_length":-1,"type":"text","scale":null,"not_null":false,"primary_key":false,"auto_increment":false,"binary":false,"unsigned":false,"zerofill":false,"has_default":false},"RECIPIENT":{"name":"recipient","max_length":"255","type":"varchar","scale":null,"not_null":false,"primary_key":false,"auto_increment":false,"binary":false,"unsigned":false,"zerofill":false,"has_default":true,"default_value":"#CLIENT_EMAIL#"},"SENDER":{"name":"sender","max_length":"255","type":"varchar","scale":null,"not_null":false,"primary_key":false,"auto_increment":false,"binary":false,"unsigned":false,"zerofill":false,"has_default":false},"LIB":{"name":"lib","max_length":"255","type":"varchar","scale":null,"not_null":true,"primary_key":false,"auto_increment":false,"binary":false,"unsigned":false,"zerofill":false,"has_default":false},"CONTENT_HTML":{"name":"content_html","max_length":-1,"type":"text","scale":null,"not_null":false,"primary_key":false,"auto_increment":false,"binary":false,"unsigned":false,"zerofill":false,"has_default":false}}', 0, 0, 1),
('2071241791', 'visitors', '{"ID_VISITORS":{"name":"id_visitors","max_length":"10","type":"int","scale":null,"not_null":true,"primary_key":true,"auto_increment":true,"binary":false,"unsigned":true,"zerofill":false,"has_default":false},"CREATED_AT":{"name":"created_at","max_length":-1,"type":"datetime","scale":null,"not_null":false,"primary_key":false,"auto_increment":false,"binary":false,"unsigned":false,"zerofill":false,"has_default":false},"UPDATED_AT":{"name":"updated_at","max_length":-1,"type":"datetime","scale":null,"not_null":false,"primary_key":false,"auto_increment":false,"binary":false,"unsigned":false,"zerofill":false,"has_default":false},"ID_SITES":{"name":"id_sites","max_length":"11","type":"int","scale":null,"not_null":true,"primary_key":false,"auto_increment":false,"binary":false,"unsigned":false,"zerofill":false,"has_default":false},"CONTINENT_CODE":{"name":"continent_code","max_length":"2","type":"char","scale":null,"not_null":true,"primary_key":false,"auto_increment":false,"binary":false,"unsigned":false,"zerofill":false,"has_default":false},"COUNTRY_CODE":{"name":"country_code","max_length":"2","type":"char","scale":null,"not_null":true,"primary_key":false,"auto_increment":false,"binary":false,"unsigned":false,"zerofill":false,"has_default":false},"COUNTRY_NAME":{"name":"country_name","max_length":"128","type":"varchar","scale":null,"not_null":true,"primary_key":false,"auto_increment":false,"binary":false,"unsigned":false,"zerofill":false,"has_default":false},"LONGITUDE":{"name":"longitude","max_length":-1,"type":"double","scale":null,"not_null":true,"primary_key":false,"auto_increment":false,"binary":false,"unsigned":false,"zerofill":false,"has_default":false},"LATITUDE":{"name":"latitude","max_length":-1,"type":"double","scale":null,"not_null":true,"primary_key":false,"auto_increment":false,"binary":false,"unsigned":false,"zerofill":false,"has_default":false},"REMOTE_ADDR":{"name":"remote_addr","max_length":"15","type":"varchar","scale":null,"not_null":true,"primary_key":false,"auto_increment":false,"binary":false,"unsigned":false,"zerofill":false,"has_default":false},"USER_AGENT":{"name":"user_agent","max_length":"255","type":"varchar","scale":null,"not_null":false,"primary_key":false,"auto_increment":false,"binary":false,"unsigned":false,"zerofill":false,"has_default":false}}', 0, 0, 1),
('2123675106', 'usertypes', '{"ID_USERTYPES":{"name":"id_usertypes","max_length":"8","type":"mediumint","scale":null,"not_null":true,"primary_key":true,"auto_increment":true,"binary":false,"unsigned":true,"zerofill":false,"has_default":false},"IS_VALID":{"name":"is_valid","max_length":"1","type":"tinyint","scale":null,"not_null":false,"primary_key":false,"auto_increment":false,"binary":false,"unsigned":false,"zerofill":false,"has_default":true,"default_value":"0"},"LIB":{"name":"lib","max_length":"255","type":"varchar","scale":null,"not_null":true,"primary_key":false,"auto_increment":false,"binary":false,"unsigned":false,"zerofill":false,"has_default":false},"LEVEL":{"name":"level","max_length":"20","type":"varchar","scale":null,"not_null":true,"primary_key":false,"auto_increment":false,"binary":false,"unsigned":false,"zerofill":false,"has_default":false},"CREATED_AT":{"name":"created_at","max_length":-1,"type":"timestamp","scale":null,"not_null":true,"primary_key":false,"auto_increment":false,"binary":false,"unsigned":false,"zerofill":false,"has_default":true,"default_value":"CURRENT_TIMESTAMP"},"UPDATED_AT":{"name":"updated_at","max_length":-1,"type":"timestamp","scale":null,"not_null":true,"primary_key":false,"auto_increment":false,"binary":false,"unsigned":false,"zerofill":false,"has_default":true,"default_value":"0000-00-00 00:00:00"},"IS_ADMIN":{"name":"is_admin","max_length":"1","type":"tinyint","scale":null,"not_null":true,"primary_key":false,"auto_increment":false,"binary":false,"unsigned":false,"zerofill":false,"has_default":true,"default_value":"0"},"BOOTSTRAP_URL":{"name":"bootstrap_url","max_length":"255","type":"varchar","scale":null,"not_null":false,"primary_key":false,"auto_increment":false,"binary":false,"unsigned":false,"zerofill":false,"has_default":false}}', 0, 0, 1),
('2143162181', 'autotrad_count', '{"ID_AUTOTRAD_COUNT":{"name":"id_autotrad_count","max_length":"9","type":"mediumint","scale":null,"not_null":true,"primary_key":true,"auto_increment":true,"binary":false,"unsigned":false,"zerofill":false,"has_default":false},"CREATED_AT":{"name":"created_at","max_length":-1,"type":"timestamp","scale":null,"not_null":true,"primary_key":false,"auto_increment":false,"binary":false,"unsigned":false,"zerofill":false,"has_default":true,"default_value":"CURRENT_TIMESTAMP"},"USE_DATE":{"name":"use_date","max_length":-1,"type":"date","scale":null,"not_null":true,"primary_key":false,"auto_increment":false,"binary":false,"unsigned":false,"zerofill":false,"has_default":false},"NB_REQUESTS":{"name":"nb_requests","max_length":"11","type":"int","scale":null,"not_null":true,"primary_key":false,"auto_increment":false,"binary":false,"unsigned":false,"zerofill":false,"has_default":false},"NB_CHARS":{"name":"nb_chars","max_length":"11","type":"int","scale":null,"not_null":true,"primary_key":false,"auto_increment":false,"binary":false,"unsigned":false,"zerofill":false,"has_default":false},"ADAPTER":{"name":"adapter","max_length":"255","type":"varchar","scale":null,"not_null":true,"primary_key":false,"auto_increment":false,"binary":false,"unsigned":false,"zerofill":false,"has_default":false}}', 0, 0, 1),
('2416852426', 'translations_url', '{"ID_TRANSLATIONS_URL":{"name":"id_translations_url","max_length":"8","type":"mediumint","scale":null,"not_null":true,"primary_key":true,"auto_increment":true,"binary":false,"unsigned":true,"zerofill":false,"has_default":false},"ID_TRANSLATIONS":{"name":"id_translations","max_length":"8","type":"mediumint","scale":null,"not_null":true,"primary_key":false,"auto_increment":false,"binary":false,"unsigned":true,"zerofill":false,"has_default":false},"URL":{"name":"url","max_length":"512","type":"varchar","scale":null,"not_null":true,"primary_key":false,"auto_increment":false,"binary":false,"unsigned":false,"zerofill":false,"has_default":false}}', 0, 0, 1),
('2425562174', 'search_info', '{"ID_SEARCH_INFO":{"name":"id_search_info","max_length":"11","type":"int","scale":null,"not_null":true,"primary_key":true,"auto_increment":true,"binary":false,"unsigned":false,"zerofill":false,"has_default":false},"LIB_TABLE":{"name":"lib_table","max_length":"50","type":"varchar","scale":null,"not_null":false,"primary_key":false,"auto_increment":false,"binary":false,"unsigned":false,"zerofill":false,"has_default":false},"ELEMENT_ID":{"name":"element_id","max_length":"11","type":"int","scale":null,"not_null":true,"primary_key":false,"auto_increment":false,"binary":false,"unsigned":false,"zerofill":false,"has_default":true,"default_value":"0"},"ID_LOCALE":{"name":"id_locale","max_length":"11","type":"int","scale":null,"not_null":true,"primary_key":false,"auto_increment":false,"binary":false,"unsigned":false,"zerofill":false,"has_default":true,"default_value":"0"},"HTML":{"name":"html","max_length":"1024","type":"varchar","scale":null,"not_null":false,"primary_key":false,"auto_increment":false,"binary":false,"unsigned":false,"zerofill":false,"has_default":false},"URL":{"name":"url","max_length":"1024","type":"varchar","scale":null,"not_null":false,"primary_key":false,"auto_increment":false,"binary":false,"unsigned":false,"zerofill":false,"has_default":false},"MEDIA":{"name":"media","max_length":"1024","type":"varchar","scale":null,"not_null":false,"primary_key":false,"auto_increment":false,"binary":false,"unsigned":false,"zerofill":false,"has_default":false}}', 0, 0, 1),
('2732594447', 'admins', '{"ID_ADMINS":{"name":"id_admins","max_length":"8","type":"mediumint","scale":null,"not_null":true,"primary_key":true,"auto_increment":true,"binary":false,"unsigned":true,"zerofill":false,"has_default":false},"CREATED_AT":{"name":"created_at","max_length":-1,"type":"datetime","scale":null,"not_null":false,"primary_key":false,"auto_increment":false,"binary":false,"unsigned":false,"zerofill":false,"has_default":false},"UPDATED_AT":{"name":"updated_at","max_length":-1,"type":"datetime","scale":null,"not_null":false,"primary_key":false,"auto_increment":false,"binary":false,"unsigned":false,"zerofill":false,"has_default":false},"IS_VALID":{"name":"is_valid","max_length":"1","type":"tinyint","scale":null,"not_null":false,"primary_key":false,"auto_increment":false,"binary":false,"unsigned":false,"zerofill":false,"has_default":true,"default_value":"0"},"EMAIL":{"name":"email","max_length":"255","type":"varchar","scale":null,"not_null":true,"primary_key":false,"auto_increment":false,"binary":false,"unsigned":false,"zerofill":false,"has_default":false},"PASSWORD":{"name":"password","max_length":"32","type":"varchar","scale":null,"not_null":true,"primary_key":false,"auto_increment":false,"binary":false,"unsigned":false,"zerofill":false,"has_default":false},"FIRSTNAME":{"name":"firstname","max_length":"255","type":"varchar","scale":null,"not_null":false,"primary_key":false,"auto_increment":false,"binary":false,"unsigned":false,"zerofill":false,"has_default":false},"LASTNAME":{"name":"lastname","max_length":"255","type":"varchar","scale":null,"not_null":false,"primary_key":false,"auto_increment":false,"binary":false,"unsigned":false,"zerofill":false,"has_default":false},"USERTYPE":{"name":"usertype","max_length":"8","type":"mediumint","scale":null,"not_null":true,"primary_key":false,"auto_increment":false,"binary":false,"unsigned":true,"zerofill":false,"has_default":false},"ID_LOCALES":{"name":"id_locales","max_length":"8","type":"mediumint","scale":null,"not_null":false,"primary_key":false,"auto_increment":false,"binary":false,"unsigned":true,"zerofill":false,"has_default":true,"default_value":"0"},"ID_SITES":{"name":"id_sites","max_length":"8","type":"mediumint","scale":null,"not_null":false,"primary_key":false,"auto_increment":false,"binary":false,"unsigned":true,"zerofill":false,"has_default":false},"ID_SITE":{"name":"id_site","max_length":"8","type":"mediumint","scale":null,"not_null":false,"primary_key":false,"auto_increment":false,"binary":false,"unsigned":true,"zerofill":false,"has_default":false},"HAS_CHANGE_PASS":{"name":"has_change_pass","max_length":"4","type":"tinyint","scale":null,"not_null":true,"primary_key":false,"auto_increment":false,"binary":false,"unsigned":false,"zerofill":false,"has_default":true,"default_value":"0"},"PHONE":{"name":"phone","max_length":"255","type":"varchar","scale":null,"not_null":false,"primary_key":false,"auto_increment":false,"binary":false,"unsigned":false,"zerofill":false,"has_default":false},"SIGNATURE":{"name":"signature","max_length":-1,"type":"mediumtext","scale":null,"not_null":false,"primary_key":false,"auto_increment":false,"binary":false,"unsigned":false,"zerofill":false,"has_default":false},"MAIL_LOGIN":{"name":"mail_login","max_length":"255","type":"varchar","scale":null,"not_null":false,"primary_key":false,"auto_increment":false,"binary":false,"unsigned":false,"zerofill":false,"has_default":false},"MAIL_PASSWORD":{"name":"mail_password","max_length":"255","type":"varchar","scale":null,"not_null":false,"primary_key":false,"auto_increment":false,"binary":false,"unsigned":false,"zerofill":false,"has_default":false},"MAIL_SERVER":{"name":"mail_server","max_length":"255","type":"varchar","scale":null,"not_null":false,"primary_key":false,"auto_increment":false,"binary":false,"unsigned":false,"zerofill":false,"has_default":false}}', 0, 0, 1),
('3115841372', 'sites_kv', '{"ID_SITES_KV":{"name":"id_sites_kv","max_length":"8","type":"mediumint","scale":null,"not_null":true,"primary_key":true,"auto_increment":true,"binary":false,"unsigned":false,"zerofill":false,"has_default":false},"ID_SITES":{"name":"id_sites","max_length":"8","type":"mediumint","scale":null,"not_null":true,"primary_key":false,"auto_increment":false,"binary":false,"unsigned":false,"zerofill":false,"has_default":false},"TITLE":{"name":"title","max_length":"255","type":"varchar","scale":null,"not_null":true,"primary_key":false,"auto_increment":false,"binary":false,"unsigned":false,"zerofill":false,"has_default":false},"VALUE":{"name":"value","max_length":"255","type":"varchar","scale":null,"not_null":true,"primary_key":false,"auto_increment":false,"binary":false,"unsigned":false,"zerofill":false,"has_default":false}}', 0, 0, 1),
('3147781296', 'visited_pages', '{"ID_VISITED_PAGES":{"name":"id_visited_pages","max_length":"8","type":"mediumint","scale":null,"not_null":true,"primary_key":true,"auto_increment":true,"binary":false,"unsigned":true,"zerofill":false,"has_default":false},"CREATED_AT":{"name":"created_at","max_length":-1,"type":"datetime","scale":null,"not_null":false,"primary_key":false,"auto_increment":false,"binary":false,"unsigned":false,"zerofill":false,"has_default":false},"ID_VISITORS":{"name":"id_visitors","max_length":"8","type":"mediumint","scale":null,"not_null":true,"primary_key":false,"auto_increment":false,"binary":false,"unsigned":true,"zerofill":false,"has_default":false},"URL":{"name":"url","max_length":"255","type":"varchar","scale":null,"not_null":true,"primary_key":false,"auto_increment":false,"binary":false,"unsigned":false,"zerofill":false,"has_default":false},"ID_PRODUITS":{"name":"id_produits","max_length":"9","type":"mediumint","scale":null,"not_null":false,"primary_key":false,"auto_increment":false,"binary":false,"unsigned":false,"zerofill":false,"has_default":false}}', 0, 0, 1),
('3154160227', 'sites', '{"ID_SITES":{"name":"id_sites","max_length":"8","type":"mediumint","scale":null,"not_null":true,"primary_key":true,"auto_increment":true,"binary":false,"unsigned":true,"zerofill":false,"has_default":false},"LIB":{"name":"lib","max_length":"255","type":"varchar","scale":null,"not_null":true,"primary_key":false,"auto_increment":false,"binary":false,"unsigned":false,"zerofill":false,"has_default":false},"IS_I18N":{"name":"is_i18n","max_length":"1","type":"tinyint","scale":null,"not_null":true,"primary_key":false,"auto_increment":false,"binary":false,"unsigned":false,"zerofill":false,"has_default":true,"default_value":"0"},"HORAIRES":{"name":"horaires","max_length":-1,"type":"mediumtext","scale":null,"not_null":false,"primary_key":false,"auto_increment":false,"binary":false,"unsigned":false,"zerofill":false,"has_default":false},"MAP_LAT":{"name":"map_lat","max_length":-1,"type":"float","scale":null,"not_null":false,"primary_key":false,"auto_increment":false,"binary":false,"unsigned":false,"zerofill":false,"has_default":true,"default_value":"0"},"MAP_LNG":{"name":"map_lng","max_length":-1,"type":"float","scale":null,"not_null":false,"primary_key":false,"auto_increment":false,"binary":false,"unsigned":false,"zerofill":false,"has_default":true,"default_value":"0"},"MAP_ZOOM":{"name":"map_zoom","max_length":"11","type":"int","scale":null,"not_null":false,"primary_key":false,"auto_increment":false,"binary":false,"unsigned":false,"zerofill":false,"has_default":true,"default_value":"5"},"FB_CHAT_PAGE_ID":{"name":"fb_chat_page_id","max_length":"255","type":"varchar","scale":null,"not_null":false,"primary_key":false,"auto_increment":false,"binary":false,"unsigned":false,"zerofill":false,"has_default":false},"FB_CHAT_COLOR":{"name":"fb_chat_color","max_length":"255","type":"varchar","scale":null,"not_null":false,"primary_key":false,"auto_increment":false,"binary":false,"unsigned":false,"zerofill":false,"has_default":false},"FB_CHAT_INMSG":{"name":"fb_chat_inmsg","max_length":"255","type":"varchar","scale":null,"not_null":false,"primary_key":false,"auto_increment":false,"binary":false,"unsigned":false,"zerofill":false,"has_default":false},"FB_CHAT_OUTMSG":{"name":"fb_chat_outmsg","max_length":"255","type":"varchar","scale":null,"not_null":false,"primary_key":false,"auto_increment":false,"binary":false,"unsigned":false,"zerofill":false,"has_default":false},"IS_MASTER":{"name":"is_master","max_length":"1","type":"tinyint","scale":null,"not_null":true,"primary_key":false,"auto_increment":false,"binary":false,"unsigned":false,"zerofill":false,"has_default":true,"default_value":"0"},"IS_PUBLISHED":{"name":"is_published","max_length":"1","type":"tinyint","scale":null,"not_null":true,"primary_key":false,"auto_increment":false,"binary":false,"unsigned":false,"zerofill":false,"has_default":true,"default_value":"0"},"CREATED_AT":{"name":"created_at","max_length":-1,"type":"datetime","scale":null,"not_null":true,"primary_key":false,"auto_increment":false,"binary":false,"unsigned":false,"zerofill":false,"has_default":false},"UPDATED_AT":{"name":"updated_at","max_length":-1,"type":"datetime","scale":null,"not_null":true,"primary_key":false,"auto_increment":false,"binary":false,"unsigned":false,"zerofill":false,"has_default":false},"LOCALE":{"name":"locale","max_length":"7","type":"varchar","scale":null,"not_null":true,"primary_key":false,"auto_increment":false,"binary":false,"unsigned":false,"zerofill":false,"has_default":false},"ID_COUNTRY":{"name":"id_country","max_length":"8","type":"mediumint","scale":null,"not_null":true,"primary_key":false,"auto_increment":false,"binary":false,"unsigned":true,"zerofill":false,"has_default":false},"PROD_URL":{"name":"prod_url","max_length":"255","type":"varchar","scale":null,"not_null":false,"primary_key":false,"auto_increment":false,"binary":false,"unsigned":false,"zerofill":false,"has_default":false},"INTERNAL_URL":{"name":"internal_url","max_length":"255","type":"varchar","scale":null,"not_null":false,"primary_key":false,"auto_increment":false,"binary":false,"unsigned":false,"zerofill":false,"has_default":false},"HEADER_LOGO":{"name":"header_logo","max_length":"255","type":"varchar","scale":null,"not_null":false,"primary_key":false,"auto_increment":false,"binary":false,"unsigned":false,"zerofill":false,"has_default":false},"FOOTER_LOGO":{"name":"footer_logo","max_length":"255","type":"varchar","scale":null,"not_null":false,"primary_key":false,"auto_increment":false,"binary":false,"unsigned":false,"zerofill":false,"has_default":false},"FORM_CONTACT_DEST":{"name":"form_contact_dest","max_length":-1,"type":"mediumblob","scale":null,"not_null":true,"primary_key":false,"auto_increment":false,"binary":true,"unsigned":false,"zerofill":false},"MAIN_PHONE_NUMBER":{"name":"main_phone_number","max_length":"255","type":"varchar","scale":null,"not_null":false,"primary_key":false,"auto_increment":false,"binary":false,"unsigned":false,"zerofill":false,"has_default":false},"SECOND_PHONE_NUMBER":{"name":"second_phone_number","max_length":"255","type":"varchar","scale":null,"not_null":false,"primary_key":false,"auto_increment":false,"binary":false,"unsigned":false,"zerofill":false,"has_default":false},"MAIN_ADRESS":{"name":"main_adress","max_length":"255","type":"varchar","scale":null,"not_null":false,"primary_key":false,"auto_increment":false,"binary":false,"unsigned":false,"zerofill":false,"has_default":false},"MAIN_EMAIL":{"name":"main_email","max_length":"255","type":"varchar","scale":null,"not_null":false,"primary_key":false,"auto_increment":false,"binary":false,"unsigned":false,"zerofill":false,"has_default":false},"SM_FACEBOOK":{"name":"sm_facebook","max_length":"255","type":"varchar","scale":null,"not_null":false,"primary_key":false,"auto_increment":false,"binary":false,"unsigned":false,"zerofill":false,"has_default":false},"SM_TWITTER_LINK":{"name":"sm_twitter_link","max_length":"255","type":"varchar","scale":null,"not_null":false,"primary_key":false,"auto_increment":false,"binary":false,"unsigned":false,"zerofill":false,"has_default":false},"SM_PINTEREST_LINK":{"name":"sm_pinterest_link","max_length":"255","type":"varchar","scale":null,"not_null":false,"primary_key":false,"auto_increment":false,"binary":false,"unsigned":false,"zerofill":false,"has_default":false},"SM_LINKEDIN_LINK":{"name":"sm_linkedin_link","max_length":"255","type":"varchar","scale":null,"not_null":false,"primary_key":false,"auto_increment":false,"binary":false,"unsigned":false,"zerofill":false,"has_default":false},"SM_INSTAGRAM_LINK":{"name":"sm_instagram_link","max_length":"255","type":"varchar","scale":null,"not_null":false,"primary_key":false,"auto_increment":false,"binary":false,"unsigned":false,"zerofill":false,"has_default":false},"SM_YOUTUBE_LINK":{"name":"sm_youtube_link","max_length":"1024","type":"varchar","scale":null,"not_null":false,"primary_key":false,"auto_increment":false,"binary":false,"unsigned":false,"zerofill":false,"has_default":false},"SM_VIADEO_LINK":{"name":"sm_viadeo_link","max_length":"1024","type":"varchar","scale":null,"not_null":false,"primary_key":false,"auto_increment":false,"binary":false,"unsigned":false,"zerofill":false,"has_default":false},"USE_AUTO_404":{"name":"use_auto_404","max_length":"1","type":"tinyint","scale":null,"not_null":true,"primary_key":false,"auto_increment":false,"binary":false,"unsigned":false,"zerofill":false,"has_default":true,"default_value":"1"},"USE_AUTO_TRANSLATE":{"name":"use_auto_translate","max_length":"1","type":"tinyint","scale":null,"not_null":true,"primary_key":false,"auto_increment":false,"binary":false,"unsigned":false,"zerofill":false,"has_default":true,"default_value":"1"},"USE_CACHE":{"name":"use_cache","max_length":"1","type":"tinyint","scale":null,"not_null":true,"primary_key":false,"auto_increment":false,"binary":false,"unsigned":false,"zerofill":false,"has_default":true,"default_value":"1"},"USE_APC":{"name":"use_apc","max_length":"1","type":"tinyint","scale":null,"not_null":true,"primary_key":false,"auto_increment":false,"binary":false,"unsigned":false,"zerofill":false,"has_default":true,"default_value":"1"},"USE_IMG_REWRITE":{"name":"use_img_rewrite","max_length":"1","type":"tinyint","scale":null,"not_null":true,"primary_key":false,"auto_increment":false,"binary":false,"unsigned":false,"zerofill":false,"has_default":true,"default_value":"1"},"DEBUG_MODE":{"name":"debug_mode","max_length":"1","type":"tinyint","scale":null,"not_null":true,"primary_key":false,"auto_increment":false,"binary":false,"unsigned":false,"zerofill":false,"has_default":true,"default_value":"1"},"DEBUG_SQL":{"name":"debug_sql","max_length":"1","type":"tinyint","scale":null,"not_null":true,"primary_key":false,"auto_increment":false,"binary":false,"unsigned":false,"zerofill":false,"has_default":true,"default_value":"1"},"KEY_GG_GWT":{"name":"key_gg_gwt","max_length":"255","type":"varchar","scale":null,"not_null":true,"primary_key":false,"auto_increment":false,"binary":false,"unsigned":false,"zerofill":false,"has_default":false},"KEY_GG_GTM":{"name":"key_gg_gtm","max_length":"255","type":"varchar","scale":null,"not_null":false,"primary_key":false,"auto_increment":false,"binary":false,"unsigned":false,"zerofill":false,"has_default":false},"KEY_GG_MAPS":{"name":"key_gg_maps","max_length":"255","type":"varchar","scale":null,"not_null":false,"primary_key":false,"auto_increment":false,"binary":false,"unsigned":false,"zerofill":false,"has_default":false},"KEY_GG_CAPTCHA":{"name":"key_gg_captcha","max_length":"255","type":"varchar","scale":null,"not_null":false,"primary_key":false,"auto_increment":false,"binary":false,"unsigned":false,"zerofill":false,"has_default":false},"KEY_GG_CAPTCHA_URL":{"name":"key_gg_captcha_url","max_length":"255","type":"varchar","scale":null,"not_null":false,"primary_key":false,"auto_increment":false,"binary":false,"unsigned":false,"zerofill":false,"has_default":false},"KEY_GG_CAPTCHA_SECRET":{"name":"key_gg_captcha_secret","max_length":"255","type":"varchar","scale":null,"not_null":false,"primary_key":false,"auto_increment":false,"binary":false,"unsigned":false,"zerofill":false,"has_default":false},"KEY_GG_CAPTCHA_SITEKEY":{"name":"key_gg_captcha_sitekey","max_length":"255","type":"varchar","scale":null,"not_null":false,"primary_key":false,"auto_increment":false,"binary":false,"unsigned":false,"zerofill":false,"has_default":false},"KEY_GG_CAPTCHA_SCORE":{"name":"key_gg_captcha_score","max_length":"255","type":"varchar","scale":null,"not_null":false,"primary_key":false,"auto_increment":false,"binary":false,"unsigned":false,"zerofill":false,"has_default":false},"FACEBOOK_LOGIN":{"name":"facebook_login","max_length":"255","type":"varchar","scale":null,"not_null":false,"primary_key":false,"auto_increment":false,"binary":false,"unsigned":false,"zerofill":false,"has_default":false},"FACEBOOK_APPID":{"name":"facebook_appid","max_length":"255","type":"varchar","scale":null,"not_null":false,"primary_key":false,"auto_increment":false,"binary":false,"unsigned":false,"zerofill":false,"has_default":false},"MAILER_CHARSET":{"name":"mailer_charset","max_length":"255","type":"varchar","scale":null,"not_null":false,"primary_key":false,"auto_increment":false,"binary":false,"unsigned":false,"zerofill":false,"has_default":true,"default_value":"UTF-8"},"MAILER_SMTP_HOST":{"name":"mailer_smtp_host","max_length":"255","type":"varchar","scale":null,"not_null":false,"primary_key":false,"auto_increment":false,"binary":false,"unsigned":false,"zerofill":false,"has_default":true,"default_value":"127.0.0.1"},"MAILER_EMAIL_FROM":{"name":"mailer_email_from","max_length":"255","type":"varchar","scale":null,"not_null":false,"primary_key":false,"auto_increment":false,"binary":false,"unsigned":false,"zerofill":false,"has_default":true,"default_value":"gabox@gaboweb.net"},"MAILER_LOGIN":{"name":"mailer_login","max_length":"255","type":"varchar","scale":null,"not_null":false,"primary_key":false,"auto_increment":false,"binary":false,"unsigned":false,"zerofill":false,"has_default":false},"MAILER_PASS":{"name":"mailer_pass","max_length":"255","type":"varchar","scale":null,"not_null":false,"primary_key":false,"auto_increment":false,"binary":false,"unsigned":false,"zerofill":false,"has_default":false},"MAILER_PORT":{"name":"mailer_port","max_length":"255","type":"varchar","scale":null,"not_null":false,"primary_key":false,"auto_increment":false,"binary":false,"unsigned":false,"zerofill":false,"has_default":false},"MAILCHIMP_API_URL":{"name":"mailchimp_api_url","max_length":"255","type":"varchar","scale":null,"not_null":false,"primary_key":false,"auto_increment":false,"binary":false,"unsigned":false,"zerofill":false,"has_default":false},"MAILCHIMP_LISTID":{"name":"mailchimp_listid","max_length":"255","type":"varchar","scale":null,"not_null":false,"primary_key":false,"auto_increment":false,"binary":false,"unsigned":false,"zerofill":false,"has_default":false},"MAILCHIMP_API_KEY":{"name":"mailchimp_api_key","max_length":"255","type":"varchar","scale":null,"not_null":false,"primary_key":false,"auto_increment":false,"binary":false,"unsigned":false,"zerofill":false,"has_default":false},"WWW_THEMES":{"name":"www_themes","max_length":"255","type":"varchar","scale":null,"not_null":true,"primary_key":false,"auto_increment":false,"binary":false,"unsigned":false,"zerofill":false,"has_default":false}}', 0, 0, 1),
('3333937799', 'translations', '{"ID_TRANSLATIONS":{"name":"id_translations","max_length":"8","type":"mediumint","scale":null,"not_null":true,"primary_key":true,"auto_increment":true,"binary":false,"unsigned":true,"zerofill":false,"has_default":false},"LIB":{"name":"lib","max_length":-1,"type":"mediumtext","scale":null,"not_null":true,"primary_key":false,"auto_increment":false,"binary":false,"unsigned":false,"zerofill":false,"has_default":false},"IS_PUBLISHED":{"name":"is_published","max_length":"1","type":"tinyint","scale":null,"not_null":true,"primary_key":false,"auto_increment":false,"binary":false,"unsigned":false,"zerofill":false,"has_default":true,"default_value":"1"},"LEVEL":{"name":"level","max_length":"1","type":"tinyint","scale":null,"not_null":true,"primary_key":false,"auto_increment":false,"binary":false,"unsigned":false,"zerofill":false,"has_default":true,"default_value":"1"},"TRANSLATIONS":{"name":"translations","max_length":-1,"type":"mediumtext","scale":null,"not_null":false,"primary_key":false,"auto_increment":false,"binary":false,"unsigned":false,"zerofill":false,"has_default":false},"PART":{"name":"part","max_length":"1024","type":"varchar","scale":null,"not_null":true,"primary_key":false,"auto_increment":false,"binary":false,"unsigned":false,"zerofill":false,"has_default":false},"URL":{"name":"url","max_length":"255","type":"varchar","scale":null,"not_null":true,"primary_key":false,"auto_increment":false,"binary":false,"unsigned":false,"zerofill":false,"has_default":false}}', 0, 0, 1),
('3343321666', 'gender', '{"ID_GENDER":{"name":"id_gender","max_length":"8","type":"mediumint","scale":null,"not_null":true,"primary_key":false,"auto_increment":false,"binary":false,"unsigned":true,"zerofill":false,"has_default":false},"LIB":{"name":"lib","max_length":"50","type":"varchar","scale":null,"not_null":true,"primary_key":false,"auto_increment":false,"binary":false,"unsigned":false,"zerofill":false,"has_default":false}}', 0, 0, 1),
('3429768049', 'locales_gender', '{"ID_LOCALES_GENDER":{"name":"id_locales_gender","max_length":"8","type":"mediumint","scale":null,"not_null":true,"primary_key":true,"auto_increment":true,"binary":false,"unsigned":true,"zerofill":false,"has_default":false},"ID_LOCALES":{"name":"id_locales","max_length":"8","type":"mediumint","scale":null,"not_null":true,"primary_key":false,"auto_increment":false,"binary":false,"unsigned":true,"zerofill":false,"has_default":false},"ID_GENDER":{"name":"id_gender","max_length":"8","type":"mediumint","scale":null,"not_null":true,"primary_key":false,"auto_increment":false,"binary":false,"unsigned":true,"zerofill":false,"has_default":false}}', 0, 0, 1),
('3651516835', 'posted', '{"ID_POSTED":{"name":"id_posted","max_length":"11","type":"int","scale":null,"not_null":true,"primary_key":true,"auto_increment":true,"binary":false,"unsigned":false,"zerofill":false,"has_default":false},"FORM_NAME":{"name":"form_name","max_length":"255","type":"varchar","scale":null,"not_null":true,"primary_key":false,"auto_increment":false,"binary":false,"unsigned":false,"zerofill":false,"has_default":false},"IP":{"name":"ip","max_length":"15","type":"varchar","scale":null,"not_null":true,"primary_key":false,"auto_increment":false,"binary":false,"unsigned":false,"zerofill":false,"has_default":false},"AGENT":{"name":"agent","max_length":"255","type":"varchar","scale":null,"not_null":true,"primary_key":false,"auto_increment":false,"binary":false,"unsigned":false,"zerofill":false,"has_default":false},"LOCALISATION":{"name":"localisation","max_length":"255","type":"varchar","scale":null,"not_null":false,"primary_key":false,"auto_increment":false,"binary":false,"unsigned":false,"zerofill":false,"has_default":false},"CREATED_AT":{"name":"created_at","max_length":-1,"type":"timestamp","scale":null,"not_null":true,"primary_key":false,"auto_increment":false,"binary":false,"unsigned":false,"zerofill":false,"has_default":true,"default_value":"CURRENT_TIMESTAMP"},"ID_LOC":{"name":"id_loc","max_length":"11","type":"int","scale":null,"not_null":true,"primary_key":false,"auto_increment":false,"binary":false,"unsigned":false,"zerofill":false,"has_default":false},"ID_COUNTRY":{"name":"id_country","max_length":"11","type":"int","scale":null,"not_null":true,"primary_key":false,"auto_increment":false,"binary":false,"unsigned":false,"zerofill":false,"has_default":false},"SENT":{"name":"sent","max_length":"1","type":"tinyint","scale":null,"not_null":true,"primary_key":false,"auto_increment":false,"binary":false,"unsigned":false,"zerofill":false,"has_default":true,"default_value":"0"},"ID_SITE":{"name":"id_site","max_length":"11","type":"int","scale":null,"not_null":true,"primary_key":false,"auto_increment":false,"binary":false,"unsigned":false,"zerofill":false,"has_default":false}}', 0, 0, 1),
('3719193017', 'mailtype', '{"ID_MAILTYPE":{"name":"id_mailtype","max_length":"8","type":"mediumint","scale":null,"not_null":true,"primary_key":true,"auto_increment":true,"binary":false,"unsigned":true,"zerofill":false,"has_default":false},"ID_SITE":{"name":"id_site","max_length":"8","type":"mediumint","scale":null,"not_null":true,"primary_key":false,"auto_increment":false,"binary":false,"unsigned":true,"zerofill":false,"has_default":false},"CREATED_AT":{"name":"created_at","max_length":-1,"type":"datetime","scale":null,"not_null":false,"primary_key":false,"auto_increment":false,"binary":false,"unsigned":false,"zerofill":false,"has_default":false},"UPDATED_AT":{"name":"updated_at","max_length":-1,"type":"datetime","scale":null,"not_null":false,"primary_key":false,"auto_increment":false,"binary":false,"unsigned":false,"zerofill":false,"has_default":false},"CONTENT":{"name":"content","max_length":-1,"type":"text","scale":null,"not_null":false,"primary_key":false,"auto_increment":false,"binary":false,"unsigned":false,"zerofill":false,"has_default":false},"LIB":{"name":"lib","max_length":"255","type":"varchar","scale":null,"not_null":false,"primary_key":false,"auto_increment":false,"binary":false,"unsigned":false,"zerofill":false,"has_default":false},"SUBJECT":{"name":"subject","max_length":"255","type":"varchar","scale":null,"not_null":false,"primary_key":false,"auto_increment":false,"binary":false,"unsigned":false,"zerofill":false,"has_default":false},"MEDIA_1":{"name":"media_1","max_length":"255","type":"varchar","scale":null,"not_null":false,"primary_key":false,"auto_increment":false,"binary":false,"unsigned":false,"zerofill":false,"has_default":false},"CREATE_PASSWORD":{"name":"create_password","max_length":"4","type":"tinyint","scale":null,"not_null":false,"primary_key":false,"auto_increment":false,"binary":false,"unsigned":false,"zerofill":false,"has_default":true,"default_value":"0"},"MEDIA_2":{"name":"media_2","max_length":"255","type":"varchar","scale":null,"not_null":false,"primary_key":false,"auto_increment":false,"binary":false,"unsigned":false,"zerofill":false,"has_default":false}}', 0, 0, 1),
('3768423239', 'treeview', '{"ID_TREEVIEW":{"name":"id_treeview","max_length":"8","type":"mediumint","scale":null,"not_null":true,"primary_key":true,"auto_increment":true,"binary":false,"unsigned":true,"zerofill":false,"has_default":false},"LIB":{"name":"lib","max_length":"255","type":"varchar","scale":null,"not_null":true,"primary_key":false,"auto_increment":false,"binary":false,"unsigned":false,"zerofill":false,"has_default":false},"URL":{"name":"url","max_length":"255","type":"varchar","scale":null,"not_null":true,"primary_key":false,"auto_increment":false,"binary":false,"unsigned":false,"zerofill":false,"has_default":false},"DESCRIPTION":{"name":"description","max_length":-1,"type":"mediumtext","scale":null,"not_null":false,"primary_key":false,"auto_increment":false,"binary":false,"unsigned":false,"zerofill":false,"has_default":false},"FILE":{"name":"file","max_length":"1024","type":"varchar","scale":null,"not_null":false,"primary_key":false,"auto_increment":false,"binary":false,"unsigned":false,"zerofill":false,"has_default":false},"META_TITLE":{"name":"meta_title","max_length":"1024","type":"varchar","scale":null,"not_null":false,"primary_key":false,"auto_increment":false,"binary":false,"unsigned":false,"zerofill":false,"has_default":false},"META_DESC":{"name":"meta_desc","max_length":"1024","type":"varchar","scale":null,"not_null":false,"primary_key":false,"auto_increment":false,"binary":false,"unsigned":false,"zerofill":false,"has_default":false},"ID_PARENT":{"name":"id_parent","max_length":"11","type":"int","scale":null,"not_null":false,"primary_key":false,"auto_increment":false,"binary":false,"unsigned":false,"zerofill":false,"has_default":false},"INT_ORDER":{"name":"int_order","max_length":"11","type":"int","scale":null,"not_null":false,"primary_key":false,"auto_increment":false,"binary":false,"unsigned":false,"zerofill":false,"has_default":false},"ID_SITE":{"name":"id_site","max_length":"11","type":"int","scale":null,"not_null":false,"primary_key":false,"auto_increment":false,"binary":false,"unsigned":false,"zerofill":false,"has_default":false},"LEVEL":{"name":"level","max_length":"11","type":"int","scale":null,"not_null":false,"primary_key":false,"auto_increment":false,"binary":false,"unsigned":false,"zerofill":false,"has_default":true,"default_value":"1"},"CONTROLLER":{"name":"controller","max_length":"255","type":"varchar","scale":null,"not_null":false,"primary_key":false,"auto_increment":false,"binary":false,"unsigned":false,"zerofill":false,"has_default":false},"HREF":{"name":"href","max_length":"255","type":"varchar","scale":null,"not_null":false,"primary_key":false,"auto_increment":false,"binary":false,"unsigned":false,"zerofill":false,"has_default":false},"ID_LOCALES":{"name":"id_locales","max_length":"11","type":"int","scale":null,"not_null":false,"primary_key":false,"auto_increment":false,"binary":false,"unsigned":false,"zerofill":false,"has_default":false},"MEDIA":{"name":"media","max_length":"1024","type":"varchar","scale":null,"not_null":true,"primary_key":false,"auto_increment":false,"binary":false,"unsigned":false,"zerofill":false,"has_default":false},"IS_VALID":{"name":"is_valid","max_length":"1","type":"tinyint","scale":null,"not_null":true,"primary_key":false,"auto_increment":false,"binary":false,"unsigned":false,"zerofill":false,"has_default":true,"default_value":"0"},"HOOK":{"name":"hook","max_length":"1024","type":"varchar","scale":null,"not_null":true,"primary_key":false,"auto_increment":false,"binary":false,"unsigned":false,"zerofill":false,"has_default":false},"FULLURL":{"name":"fullurl","max_length":"1024","type":"varchar","scale":null,"not_null":false,"primary_key":false,"auto_increment":false,"binary":false,"unsigned":false,"zerofill":false,"has_default":false},"IS_ON_HOME":{"name":"is_on_home","max_length":"1","type":"tinyint","scale":null,"not_null":true,"primary_key":false,"auto_increment":false,"binary":false,"unsigned":false,"zerofill":false,"has_default":true,"default_value":"1"},"SHOW_IN_MENU":{"name":"show_in_menu","max_length":"1","type":"tinyint","scale":null,"not_null":true,"primary_key":false,"auto_increment":false,"binary":false,"unsigned":false,"zerofill":false,"has_default":true,"default_value":"1"},"SHOW_IN_FILTER":{"name":"show_in_filter","max_length":"1","type":"tinyint","scale":null,"not_null":true,"primary_key":false,"auto_increment":false,"binary":false,"unsigned":false,"zerofill":false,"has_default":true,"default_value":"0"},"SHOW_PRODUCTS":{"name":"show_products","max_length":"1","type":"tinyint","scale":null,"not_null":true,"primary_key":false,"auto_increment":false,"binary":false,"unsigned":false,"zerofill":false,"has_default":true,"default_value":"0"},"ID_LINK_TREEVIEW":{"name":"id_link_treeview","max_length":"8","type":"mediumint","scale":null,"not_null":false,"primary_key":false,"auto_increment":false,"binary":false,"unsigned":true,"zerofill":false,"has_default":false},"SHOW_IN_FOOTER":{"name":"show_in_footer","max_length":"1","type":"tinyint","scale":null,"not_null":true,"primary_key":false,"auto_increment":false,"binary":false,"unsigned":false,"zerofill":false,"has_default":true,"default_value":"1"},"SHOW_IN_SEARCH":{"name":"show_in_search","max_length":"1","type":"tinyint","scale":null,"not_null":true,"primary_key":false,"auto_increment":false,"binary":false,"unsigned":false,"zerofill":false,"has_default":true,"default_value":"1"},"SHOW_IN_COACH":{"name":"show_in_coach","max_length":"1","type":"tinyint","scale":null,"not_null":true,"primary_key":false,"auto_increment":false,"binary":false,"unsigned":false,"zerofill":false,"has_default":true,"default_value":"1"},"SHOW_IN_GUIDE":{"name":"show_in_guide","max_length":"1","type":"tinyint","scale":null,"not_null":true,"primary_key":false,"auto_increment":false,"binary":false,"unsigned":false,"zerofill":false,"has_default":true,"default_value":"0"},"ITEM_ORDER":{"name":"item_order","max_length":"1","type":"int","scale":null,"not_null":true,"primary_key":false,"auto_increment":false,"binary":false,"unsigned":false,"zerofill":false,"has_default":true,"default_value":"0"},"GUIDE_MEDIA":{"name":"guide_media","max_length":"255","type":"varchar","scale":null,"not_null":false,"primary_key":false,"auto_increment":false,"binary":false,"unsigned":false,"zerofill":false,"has_default":false},"ID_TREEVIEW2":{"name":"id_treeview2","max_length":"9","type":"mediumint","scale":null,"not_null":false,"primary_key":false,"auto_increment":false,"binary":false,"unsigned":false,"zerofill":false,"has_default":false}}', 0, 0, 1);
INSERT INTO `gen_modules` (`id_modules`, `lib`, `columns_name`, `use_versioning`, `use_auto_translate`, `is_enabled`) VALUES
('3852162235', 'locales', '{"ID_LOCALES":{"name":"id_locales","max_length":"8","type":"mediumint","scale":null,"not_null":true,"primary_key":true,"auto_increment":true,"binary":false,"unsigned":true,"zerofill":false,"has_default":false},"LOCALE":{"name":"locale","max_length":"6","type":"varchar","scale":null,"not_null":true,"primary_key":false,"auto_increment":false,"binary":false,"unsigned":false,"zerofill":false,"has_default":false},"LANGUAGE":{"name":"language","max_length":"3","type":"varchar","scale":null,"not_null":true,"primary_key":false,"auto_increment":false,"binary":false,"unsigned":false,"zerofill":false,"has_default":false},"COUNTRY":{"name":"country","max_length":"2","type":"varchar","scale":null,"not_null":true,"primary_key":false,"auto_increment":false,"binary":false,"unsigned":false,"zerofill":false,"has_default":false},"LIB_FR":{"name":"lib_fr","max_length":"255","type":"varchar","scale":null,"not_null":true,"primary_key":false,"auto_increment":false,"binary":false,"unsigned":false,"zerofill":false,"has_default":false},"LIB_EN":{"name":"lib_en","max_length":"255","type":"varchar","scale":null,"not_null":true,"primary_key":false,"auto_increment":false,"binary":false,"unsigned":false,"zerofill":false,"has_default":false},"LIB_LANGUAGE":{"name":"lib_language","max_length":"255","type":"varchar","scale":null,"not_null":true,"primary_key":false,"auto_increment":false,"binary":false,"unsigned":false,"zerofill":false,"has_default":false},"LIB":{"name":"lib","max_length":"255","type":"varchar","scale":null,"not_null":true,"primary_key":false,"auto_increment":false,"binary":false,"unsigned":false,"zerofill":false,"has_default":false},"IS_MASTER":{"name":"is_master","max_length":"1","type":"tinyint","scale":null,"not_null":true,"primary_key":false,"auto_increment":false,"binary":false,"unsigned":false,"zerofill":false,"has_default":true,"default_value":"0"},"ID_COUNTRY":{"name":"id_country","max_length":"8","type":"mediumint","scale":null,"not_null":true,"primary_key":false,"auto_increment":false,"binary":false,"unsigned":true,"zerofill":false,"has_default":false},"ISO_TRANSLATOR":{"name":"iso_translator","max_length":"10","type":"varchar","scale":null,"not_null":false,"primary_key":false,"auto_increment":false,"binary":false,"unsigned":false,"zerofill":false,"has_default":false}}', 0, 0, 1),
('3862542819', 'pages_data', '{"ID_PAGES_DATA":{"name":"id_pages_data","max_length":"8","type":"mediumint","scale":null,"not_null":true,"primary_key":true,"auto_increment":true,"binary":false,"unsigned":true,"zerofill":false,"has_default":false},"ELEMENT_VALUE":{"name":"element_value","max_length":-1,"type":"mediumtext","scale":null,"not_null":false,"primary_key":false,"auto_increment":false,"binary":false,"unsigned":false,"zerofill":false,"has_default":false},"ELEMENT_NAME":{"name":"element_name","max_length":"255","type":"varchar","scale":null,"not_null":true,"primary_key":false,"auto_increment":false,"binary":false,"unsigned":false,"zerofill":false,"has_default":false},"ID_PAGES":{"name":"id_pages","max_length":"8","type":"mediumint","scale":null,"not_null":true,"primary_key":false,"auto_increment":false,"binary":false,"unsigned":true,"zerofill":false,"has_default":false},"ID_LOCALES":{"name":"id_locales","max_length":"8","type":"mediumint","scale":null,"not_null":true,"primary_key":false,"auto_increment":false,"binary":false,"unsigned":true,"zerofill":false,"has_default":false},"CONTAINER":{"name":"container","max_length":"50","type":"varchar","scale":null,"not_null":false,"primary_key":false,"auto_increment":false,"binary":false,"unsigned":false,"zerofill":false,"has_default":false},"N_ORDER":{"name":"n_order","max_length":"5","type":"smallint","scale":null,"not_null":false,"primary_key":false,"auto_increment":false,"binary":false,"unsigned":true,"zerofill":false,"has_default":false},"IS_DELETED":{"name":"is_deleted","max_length":"1","type":"tinyint","scale":null,"not_null":false,"primary_key":false,"auto_increment":false,"binary":false,"unsigned":false,"zerofill":false,"has_default":false}}', 0, 0, 1),
('3885213039', 'backmsg', '{"ID_BACKMSG":{"name":"id_backmsg","max_length":"10","type":"int","scale":null,"not_null":true,"primary_key":true,"auto_increment":true,"binary":false,"unsigned":true,"zerofill":false,"has_default":false},"LIB":{"name":"lib","max_length":"1024","type":"varchar","scale":null,"not_null":false,"primary_key":false,"auto_increment":false,"binary":false,"unsigned":false,"zerofill":false,"has_default":false},"CREATED_AT":{"name":"created_at","max_length":-1,"type":"datetime","scale":null,"not_null":false,"primary_key":false,"auto_increment":false,"binary":false,"unsigned":false,"zerofill":false,"has_default":false},"UPDATED_AT":{"name":"updated_at","max_length":-1,"type":"datetime","scale":null,"not_null":false,"primary_key":false,"auto_increment":false,"binary":false,"unsigned":false,"zerofill":false,"has_default":false},"ID_ADMIN_FROM":{"name":"id_admin_from","max_length":"11","type":"int","scale":null,"not_null":false,"primary_key":false,"auto_increment":false,"binary":false,"unsigned":false,"zerofill":false,"has_default":false},"ID_ADMIN_TO":{"name":"id_admin_to","max_length":"11","type":"int","scale":null,"not_null":false,"primary_key":false,"auto_increment":false,"binary":false,"unsigned":false,"zerofill":false,"has_default":false},"ID_GRP_TO":{"name":"id_grp_to","max_length":"11","type":"int","scale":null,"not_null":true,"primary_key":false,"auto_increment":false,"binary":false,"unsigned":false,"zerofill":false,"has_default":false},"IS_READ":{"name":"is_read","max_length":"1","type":"tinyint","scale":null,"not_null":true,"primary_key":false,"auto_increment":false,"binary":false,"unsigned":false,"zerofill":false,"has_default":false},"CONTENT":{"name":"content","max_length":-1,"type":"longtext","scale":null,"not_null":true,"primary_key":false,"auto_increment":false,"binary":false,"unsigned":false,"zerofill":false,"has_default":false},"ID_SITE":{"name":"id_site","max_length":"11","type":"int","scale":null,"not_null":true,"primary_key":false,"auto_increment":false,"binary":false,"unsigned":false,"zerofill":false,"has_default":false}}', 0, 0, 1),
('4183522219', 'sites_locales', '{"ID_SITES_LOCALES":{"name":"id_sites_locales","max_length":"8","type":"mediumint","scale":null,"not_null":true,"primary_key":true,"auto_increment":true,"binary":false,"unsigned":true,"zerofill":false,"has_default":false},"ID_SITES":{"name":"id_sites","max_length":"8","type":"mediumint","scale":null,"not_null":true,"primary_key":false,"auto_increment":false,"binary":false,"unsigned":true,"zerofill":false,"has_default":false},"ID_LOCALES":{"name":"id_locales","max_length":"8","type":"mediumint","scale":null,"not_null":true,"primary_key":false,"auto_increment":false,"binary":false,"unsigned":true,"zerofill":false,"has_default":false},"IS_ENABLED":{"name":"is_enabled","max_length":"1","type":"tinyint","scale":null,"not_null":true,"primary_key":false,"auto_increment":false,"binary":false,"unsigned":false,"zerofill":false,"has_default":true,"default_value":"0"}}', 0, 0, 1),
('4283832470', 'i18n', '{"ID_I18N":{"name":"id_i18n","max_length":"8","type":"mediumint","scale":null,"not_null":true,"primary_key":true,"auto_increment":true,"binary":false,"unsigned":true,"zerofill":false,"has_default":false},"MODULE":{"name":"module","max_length":"25","type":"varchar","scale":null,"not_null":true,"primary_key":false,"auto_increment":false,"binary":false,"unsigned":false,"zerofill":false,"has_default":true,"default_value":"commun"},"FIELD_NAME":{"name":"field_name","max_length":"30","type":"varchar","scale":null,"not_null":true,"primary_key":false,"auto_increment":false,"binary":false,"unsigned":false,"zerofill":false,"has_default":true,"default_value":"lib"},"ID_ELEMENT":{"name":"id_element","max_length":"8","type":"mediumint","scale":null,"not_null":true,"primary_key":false,"auto_increment":false,"binary":false,"unsigned":true,"zerofill":false,"has_default":false},"ID_LOCALES":{"name":"id_locales","max_length":"8","type":"mediumint","scale":null,"not_null":true,"primary_key":false,"auto_increment":false,"binary":false,"unsigned":true,"zerofill":false,"has_default":false},"LIB":{"name":"lib","max_length":-1,"type":"mediumtext","scale":null,"not_null":false,"primary_key":false,"auto_increment":false,"binary":false,"unsigned":false,"zerofill":false,"has_default":false},"IS_PUBLISHED":{"name":"is_published","max_length":"1","type":"tinyint","scale":null,"not_null":true,"primary_key":false,"auto_increment":false,"binary":false,"unsigned":false,"zerofill":false,"has_default":true,"default_value":"0"},"LEVEL":{"name":"level","max_length":"1","type":"tinyint","scale":null,"not_null":true,"primary_key":false,"auto_increment":false,"binary":false,"unsigned":false,"zerofill":false,"has_default":true,"default_value":"1"},"SOURCE":{"name":"source","max_length":-1,"type":"tinytext","scale":null,"not_null":false,"primary_key":false,"auto_increment":false,"binary":false,"unsigned":false,"zerofill":false,"has_default":false},"ID_URL":{"name":"id_url","max_length":"8","type":"mediumint","scale":null,"not_null":false,"primary_key":false,"auto_increment":false,"binary":false,"unsigned":true,"zerofill":false,"has_default":false},"IS_AUTO_TRAD":{"name":"is_auto_trad","max_length":"1","type":"tinyint","scale":null,"not_null":false,"primary_key":false,"auto_increment":false,"binary":false,"unsigned":false,"zerofill":false,"has_default":false}}', 0, 0, 1),
('433864914', 'versions', '{"ID_VERSIONS":{"name":"id_versions","max_length":"8","type":"mediumint","scale":null,"not_null":true,"primary_key":true,"auto_increment":true,"binary":false,"unsigned":true,"zerofill":false,"has_default":false},"CREATED_AT":{"name":"created_at","max_length":-1,"type":"timestamp","scale":null,"not_null":true,"primary_key":false,"auto_increment":false,"binary":false,"unsigned":false,"zerofill":false,"has_default":true,"default_value":"CURRENT_TIMESTAMP"},"VERSION_NUMBER":{"name":"version_number","max_length":"8","type":"mediumint","scale":null,"not_null":true,"primary_key":false,"auto_increment":false,"binary":false,"unsigned":true,"zerofill":false,"has_default":false},"MODULE":{"name":"module","max_length":"255","type":"varchar","scale":null,"not_null":true,"primary_key":false,"auto_increment":false,"binary":false,"unsigned":false,"zerofill":false,"has_default":false},"ID_ADMINS":{"name":"id_admins","max_length":"8","type":"mediumint","scale":null,"not_null":true,"primary_key":false,"auto_increment":false,"binary":false,"unsigned":true,"zerofill":false,"has_default":false},"ID_ELEMENT":{"name":"id_element","max_length":"8","type":"mediumint","scale":null,"not_null":true,"primary_key":false,"auto_increment":false,"binary":false,"unsigned":true,"zerofill":false,"has_default":true,"default_value":"0"},"REMOTE_ADDR":{"name":"remote_addr","max_length":"255","type":"varchar","scale":null,"not_null":true,"primary_key":false,"auto_increment":false,"binary":false,"unsigned":false,"zerofill":false,"has_default":false},"IS_DELETED":{"name":"is_deleted","max_length":"1","type":"tinyint","scale":null,"not_null":true,"primary_key":false,"auto_increment":false,"binary":false,"unsigned":false,"zerofill":false,"has_default":true,"default_value":"0"}}', 0, 0, 1),
('544531829', 'pages', '{"ID_PAGES":{"name":"id_pages","max_length":"8","type":"mediumint","scale":null,"not_null":true,"primary_key":true,"auto_increment":true,"binary":false,"unsigned":true,"zerofill":false,"has_default":false},"LIB":{"name":"lib","max_length":"1024","type":"varchar","scale":null,"not_null":false,"primary_key":false,"auto_increment":false,"binary":false,"unsigned":false,"zerofill":false,"has_default":false},"CREATED_AT":{"name":"created_at","max_length":-1,"type":"datetime","scale":null,"not_null":false,"primary_key":false,"auto_increment":false,"binary":false,"unsigned":false,"zerofill":false,"has_default":false},"UPDATED_AT":{"name":"updated_at","max_length":-1,"type":"datetime","scale":null,"not_null":false,"primary_key":false,"auto_increment":false,"binary":false,"unsigned":false,"zerofill":false,"has_default":false},"URL":{"name":"url","max_length":"256","type":"varchar","scale":null,"not_null":false,"primary_key":false,"auto_increment":false,"binary":false,"unsigned":false,"zerofill":false,"has_default":false},"META_DESC":{"name":"meta_desc","max_length":"1024","type":"varchar","scale":null,"not_null":false,"primary_key":false,"auto_increment":false,"binary":false,"unsigned":false,"zerofill":false,"has_default":false},"META_TITLE":{"name":"meta_title","max_length":"1024","type":"varchar","scale":null,"not_null":false,"primary_key":false,"auto_increment":false,"binary":false,"unsigned":false,"zerofill":false,"has_default":false},"ID_TEMPLATES":{"name":"id_templates","max_length":"8","type":"mediumint","scale":null,"not_null":false,"primary_key":false,"auto_increment":false,"binary":false,"unsigned":true,"zerofill":false,"has_default":false},"IS_PUBLISHED":{"name":"is_published","max_length":"1","type":"tinyint","scale":null,"not_null":false,"primary_key":false,"auto_increment":false,"binary":false,"unsigned":false,"zerofill":false,"has_default":false},"CONTENT":{"name":"content","max_length":-1,"type":"longtext","scale":null,"not_null":false,"primary_key":false,"auto_increment":false,"binary":false,"unsigned":false,"zerofill":false,"has_default":false},"ID_SITE":{"name":"id_site","max_length":"8","type":"mediumint","scale":null,"not_null":false,"primary_key":false,"auto_increment":false,"binary":false,"unsigned":true,"zerofill":false,"has_default":false},"MEDIA":{"name":"media","max_length":"255","type":"varchar","scale":null,"not_null":false,"primary_key":false,"auto_increment":false,"binary":false,"unsigned":false,"zerofill":false,"has_default":false}}', 0, 0, 1),
('601746998', 'mailtype_log', '{"ID_MAILTYPE_LOG":{"name":"id_mailtype_log","max_length":"8","type":"mediumint","scale":null,"not_null":true,"primary_key":true,"auto_increment":true,"binary":false,"unsigned":true,"zerofill":false,"has_default":false},"CREATED_AT":{"name":"created_at","max_length":-1,"type":"timestamp","scale":null,"not_null":true,"primary_key":false,"auto_increment":false,"binary":false,"unsigned":false,"zerofill":false,"has_default":true,"default_value":"CURRENT_TIMESTAMP"},"MODULE":{"name":"module","max_length":"255","type":"varchar","scale":null,"not_null":true,"primary_key":false,"auto_increment":false,"binary":false,"unsigned":false,"zerofill":false,"has_default":false},"ID_ADMINS":{"name":"id_admins","max_length":"8","type":"mediumint","scale":null,"not_null":true,"primary_key":false,"auto_increment":false,"binary":false,"unsigned":true,"zerofill":false,"has_default":false},"ID_ELEMENT":{"name":"id_element","max_length":"8","type":"mediumint","scale":null,"not_null":true,"primary_key":false,"auto_increment":false,"binary":false,"unsigned":true,"zerofill":false,"has_default":true,"default_value":"0"},"ID_MAILTYPE":{"name":"id_mailtype","max_length":"11","type":"int","scale":null,"not_null":false,"primary_key":false,"auto_increment":false,"binary":false,"unsigned":false,"zerofill":false,"has_default":false}}', 0, 0, 1),
('611200086', 'treeview_url', '{"ID_TREEVIEW_URL":{"name":"id_treeview_url","max_length":"11","type":"int","scale":null,"not_null":true,"primary_key":true,"auto_increment":true,"binary":false,"unsigned":true,"zerofill":false,"has_default":false},"ID_LOCALE":{"name":"id_locale","max_length":"11","type":"int","scale":null,"not_null":true,"primary_key":false,"auto_increment":false,"binary":false,"unsigned":false,"zerofill":false,"has_default":false},"ID_SITE":{"name":"id_site","max_length":"11","type":"int","scale":null,"not_null":true,"primary_key":false,"auto_increment":false,"binary":false,"unsigned":false,"zerofill":false,"has_default":false},"ID_TREEVIEW":{"name":"id_treeview","max_length":"11","type":"int","scale":null,"not_null":true,"primary_key":false,"auto_increment":false,"binary":false,"unsigned":false,"zerofill":false,"has_default":false},"URL":{"name":"url","max_length":"1024","type":"varchar","scale":null,"not_null":true,"primary_key":false,"auto_increment":false,"binary":false,"unsigned":false,"zerofill":false,"has_default":false}}', 0, 0, 1),
('622985147', 'caches', '{"ID_CACHES":{"name":"id_caches","max_length":"9","type":"mediumint","scale":null,"not_null":true,"primary_key":true,"auto_increment":true,"binary":false,"unsigned":true,"zerofill":false,"has_default":false},"ID_SITES":{"name":"id_sites","max_length":"9","type":"mediumint","scale":null,"not_null":true,"primary_key":false,"auto_increment":false,"binary":false,"unsigned":false,"zerofill":false,"has_default":false},"CREATED_AT":{"name":"created_at","max_length":-1,"type":"timestamp","scale":null,"not_null":true,"primary_key":false,"auto_increment":false,"binary":false,"unsigned":false,"zerofill":false,"has_default":true,"default_value":"CURRENT_TIMESTAMP"},"NAME":{"name":"name","max_length":"32","type":"varchar","scale":null,"not_null":false,"primary_key":false,"auto_increment":false,"binary":false,"unsigned":false,"zerofill":false,"has_default":false},"LIB":{"name":"lib","max_length":-1,"type":"longtext","scale":null,"not_null":false,"primary_key":false,"auto_increment":false,"binary":false,"unsigned":false,"zerofill":false,"has_default":false},"ID_ELEMENT":{"name":"id_element","max_length":"11","type":"mediumint","scale":null,"not_null":false,"primary_key":false,"auto_increment":false,"binary":false,"unsigned":false,"zerofill":false,"has_default":true,"default_value":"0"},"MODULE":{"name":"module","max_length":"255","type":"varchar","scale":null,"not_null":false,"primary_key":false,"auto_increment":false,"binary":false,"unsigned":false,"zerofill":false,"has_default":false},"ID_LOCALES":{"name":"id_locales","max_length":"11","type":"mediumint","scale":null,"not_null":false,"primary_key":false,"auto_increment":false,"binary":false,"unsigned":false,"zerofill":false,"has_default":true,"default_value":"0"}}', 0, 0, 1),
('677545715', 'posted_data', '{"ID_POSTED_DATA":{"name":"id_posted_data","max_length":"10","type":"int","scale":null,"not_null":true,"primary_key":true,"auto_increment":true,"binary":false,"unsigned":true,"zerofill":false,"has_default":false},"POST_VALUE":{"name":"post_value","max_length":-1,"type":"mediumtext","scale":null,"not_null":false,"primary_key":false,"auto_increment":false,"binary":false,"unsigned":false,"zerofill":false,"has_default":false},"POST_NAME":{"name":"post_name","max_length":"255","type":"varchar","scale":null,"not_null":true,"primary_key":false,"auto_increment":false,"binary":false,"unsigned":false,"zerofill":false,"has_default":false},"ID_POSTED":{"name":"id_posted","max_length":"11","type":"int","scale":null,"not_null":true,"primary_key":false,"auto_increment":false,"binary":false,"unsigned":false,"zerofill":false,"has_default":false}}', 0, 0, 1),
('693299786', 'usertypes_modules', '{"ID_USERTYPES_MODULES":{"name":"id_usertypes_modules","max_length":"8","type":"mediumint","scale":null,"not_null":true,"primary_key":true,"auto_increment":true,"binary":false,"unsigned":true,"zerofill":false,"has_default":false},"ID_USERTYPES":{"name":"id_usertypes","max_length":"8","type":"mediumint","scale":null,"not_null":true,"primary_key":false,"auto_increment":false,"binary":false,"unsigned":true,"zerofill":false,"has_default":false},"ID_MODULES":{"name":"id_modules","max_length":"20","type":"varchar","scale":null,"not_null":true,"primary_key":false,"auto_increment":false,"binary":false,"unsigned":false,"zerofill":false,"has_default":false}}', 0, 0, 1),
('76172815', 'pages404', '{"ID_PAGES404":{"name":"id_pages404","max_length":"8","type":"mediumint","scale":null,"not_null":true,"primary_key":true,"auto_increment":true,"binary":false,"unsigned":true,"zerofill":false,"has_default":false},"LIB":{"name":"lib","max_length":"1024","type":"varchar","scale":null,"not_null":false,"primary_key":false,"auto_increment":false,"binary":false,"unsigned":false,"zerofill":false,"has_default":false},"CREATED_AT":{"name":"created_at","max_length":-1,"type":"datetime","scale":null,"not_null":false,"primary_key":false,"auto_increment":false,"binary":false,"unsigned":false,"zerofill":false,"has_default":false},"UPDATED_AT":{"name":"updated_at","max_length":-1,"type":"datetime","scale":null,"not_null":false,"primary_key":false,"auto_increment":false,"binary":false,"unsigned":false,"zerofill":false,"has_default":false},"ID_SITE":{"name":"id_site","max_length":"11","type":"int","scale":null,"not_null":true,"primary_key":false,"auto_increment":false,"binary":false,"unsigned":false,"zerofill":false,"has_default":false},"HTTP_CODE":{"name":"http_code","max_length":3,"type":"enum","scale":null,"enums":["\'301\'","\'302\'","\'404\'"],"not_null":true,"primary_key":false,"auto_increment":false,"binary":false,"unsigned":false,"zerofill":false,"has_default":true,"default_value":"404"},"DESTINATION":{"name":"destination","max_length":"1024","type":"varchar","scale":null,"not_null":true,"primary_key":false,"auto_increment":false,"binary":false,"unsigned":false,"zerofill":false,"has_default":false},"STATUS":{"name":"status","max_length":4,"type":"enum","scale":null,"enums":["\'NEW\'","\'WAIT\'","\'OK\'"],"not_null":true,"primary_key":false,"auto_increment":false,"binary":false,"unsigned":false,"zerofill":false,"has_default":true,"default_value":"NEW"}}', 0, 0, 1),
('783762391', 'modules', '{"ID_MODULES":{"name":"id_modules","max_length":"20","type":"varchar","scale":null,"not_null":true,"primary_key":true,"auto_increment":false,"binary":false,"unsigned":false,"zerofill":false,"has_default":false},"LIB":{"name":"lib","max_length":"255","type":"varchar","scale":null,"not_null":true,"primary_key":false,"auto_increment":false,"binary":false,"unsigned":false,"zerofill":false,"has_default":false},"COLUMNS_NAME":{"name":"columns_name","max_length":-1,"type":"mediumtext","scale":null,"not_null":false,"primary_key":false,"auto_increment":false,"binary":false,"unsigned":false,"zerofill":false,"has_default":false},"USE_VERSIONING":{"name":"use_versioning","max_length":"1","type":"tinyint","scale":null,"not_null":true,"primary_key":false,"auto_increment":false,"binary":false,"unsigned":false,"zerofill":false,"has_default":true,"default_value":"0"},"USE_AUTO_TRANSLATE":{"name":"use_auto_translate","max_length":"1","type":"tinyint","scale":null,"not_null":true,"primary_key":false,"auto_increment":false,"binary":false,"unsigned":false,"zerofill":false,"has_default":true,"default_value":"0"},"IS_ENABLED":{"name":"is_enabled","max_length":"1","type":"tinyint","scale":null,"not_null":true,"primary_key":false,"auto_increment":false,"binary":false,"unsigned":false,"zerofill":false,"has_default":true,"default_value":"1"}}', 0, 0, 1),
('828166925', 'versions_elements', '{"ID_VERSIONS_ELEMENTS":{"name":"id_versions_elements","max_length":"8","type":"mediumint","scale":null,"not_null":true,"primary_key":true,"auto_increment":true,"binary":false,"unsigned":true,"zerofill":false,"has_default":false},"ID_VERSIONS":{"name":"id_versions","max_length":"8","type":"mediumint","scale":null,"not_null":true,"primary_key":false,"auto_increment":false,"binary":false,"unsigned":true,"zerofill":false,"has_default":false},"FIELDNAME":{"name":"fieldname","max_length":"255","type":"varchar","scale":null,"not_null":true,"primary_key":false,"auto_increment":false,"binary":false,"unsigned":false,"zerofill":false,"has_default":false},"FIELDVALUE":{"name":"fieldvalue","max_length":-1,"type":"text","scale":null,"not_null":true,"primary_key":false,"auto_increment":false,"binary":false,"unsigned":false,"zerofill":false,"has_default":false},"FIELD_OLD_VALUE":{"name":"field_old_value","max_length":-1,"type":"text","scale":null,"not_null":true,"primary_key":false,"auto_increment":false,"binary":false,"unsigned":false,"zerofill":false,"has_default":false}}', 0, 0, 1),
('935610003', 'currencies', '{"ID_CURRENCIES":{"name":"id_currencies","max_length":"8","type":"mediumint","scale":null,"not_null":true,"primary_key":true,"auto_increment":true,"binary":false,"unsigned":true,"zerofill":false,"has_default":false},"LIB":{"name":"lib","max_length":"255","type":"varchar","scale":null,"not_null":true,"primary_key":false,"auto_increment":false,"binary":false,"unsigned":false,"zerofill":false,"has_default":false},"CREATED_AT":{"name":"created_at","max_length":-1,"type":"timestamp","scale":null,"not_null":true,"primary_key":false,"auto_increment":false,"binary":false,"unsigned":false,"zerofill":false,"has_default":true,"default_value":"CURRENT_TIMESTAMP"},"CODE":{"name":"code","max_length":"15","type":"varchar","scale":null,"not_null":true,"primary_key":false,"auto_increment":false,"binary":false,"unsigned":false,"zerofill":false,"has_default":false},"PAYMENT_CODE":{"name":"payment_code","max_length":"3","type":"char","scale":null,"not_null":true,"primary_key":false,"auto_increment":false,"binary":false,"unsigned":false,"zerofill":false,"has_default":false},"POSITION":{"name":"position","max_length":6,"type":"enum","scale":null,"enums":["\'BEFORE\'","\'AFTER\'"],"not_null":true,"primary_key":false,"auto_increment":false,"binary":false,"unsigned":false,"zerofill":false,"has_default":true,"default_value":"BEFORE"},"DECIMALS_NB":{"name":"decimals_nb","max_length":"1","type":"int","scale":null,"not_null":true,"primary_key":false,"auto_increment":false,"binary":false,"unsigned":false,"zerofill":false,"has_default":true,"default_value":"2"},"DEC_SEP":{"name":"dec_sep","max_length":"1","type":"char","scale":null,"not_null":true,"primary_key":false,"auto_increment":false,"binary":false,"unsigned":false,"zerofill":false,"has_default":true,"default_value":","},"THOUSANDS_SEP":{"name":"thousands_sep","max_length":"1","type":"char","scale":null,"not_null":true,"primary_key":false,"auto_increment":false,"binary":false,"unsigned":false,"zerofill":false,"has_default":true,"default_value":"."}}', 0, 0, 1);
INSERT INTO `gen_country` (`id_country`, `id`, `lib`) VALUES
(1, 'AD', 'Andorra'),
(2, 'AE', 'United Arab Emirates'),
(3, 'AF', 'Afghanistan'),
(4, 'AG', 'Antigua and Barbuda'),
(5, 'AI', 'Anguilla'),
(6, 'AL', 'Albania'),
(7, 'AM', 'Armenia'),
(8, 'AN', 'Netherlands Antilles'),
(9, 'AO', 'Angola'),
(10, 'AQ', 'Antarctica'),
(11, 'AR', 'Argentina'),
(12, 'AS', 'American Samoa'),
(13, 'AT', 'Austria'),
(14, 'AU', 'Australia'),
(15, 'AW', 'Aruba'),
(17, 'AZ', 'Azerbaijan'),
(18, 'BA', 'Bosnia and Herzegovina'),
(19, 'BB', 'Barbados'),
(20, 'BD', 'Bangladesh'),
(21, 'BE', 'Belgium'),
(22, 'BF', 'Burkina Faso'),
(23, 'BG', 'Bulgaria'),
(24, 'BH', 'Bahrain'),
(25, 'BI', 'Burundi'),
(26, 'BJ', 'Benin'),
(27, 'BL', 'Saint Barthelemy'),
(28, 'BM', 'Bermuda'),
(29, 'BN', 'Brunei'),
(30, 'BO', 'Bolivia'),
(31, 'BQ', 'British Antarctic Territory'),
(32, 'BR', 'Brazil'),
(33, 'BS', 'Bahamas'),
(34, 'BT', 'Bhutan'),
(35, 'BV', 'Bouvet Island'),
(36, 'BW', 'Botswana'),
(37, 'BY', 'Belarus'),
(38, 'BZ', 'Belize'),
(39, 'CA', 'Canada'),
(40, 'CC', 'Cocos [Keeling] Islands'),
(41, 'CD', 'Congo - Kinshasa'),
(42, 'CF', 'Central African Republic'),
(43, 'CG', 'Congo - Brazzaville'),
(44, 'CH', 'Switzerland'),
(45, 'CI', 'Côte d\'Ivoire'),
(46, 'CK', 'Cook Islands'),
(47, 'CL', 'Chile'),
(48, 'CM', 'Cameroon'),
(49, 'CN', 'China'),
(50, 'CO', 'Colombia'),
(51, 'CR', 'Costa Rica'),
(52, 'CS', 'Serbia and Montenegro'),
(53, 'CT', 'Canton and Enderbury Islands'),
(54, 'CU', 'Cuba'),
(55, 'CV', 'Cape Verde'),
(56, 'CX', 'Christmas Island'),
(57, 'CY', 'Cyprus'),
(58, 'CZ', 'Czech Republic'),
(59, 'DD', 'East Germany'),
(60, 'DE', 'Germany'),
(61, 'DJ', 'Djibouti'),
(62, 'DK', 'Denmark'),
(63, 'DM', 'Dominica'),
(64, 'DO', 'Dominican Republic'),
(65, 'DZ', 'Algeria'),
(66, 'EC', 'Ecuador'),
(67, 'EE', 'Estonia'),
(68, 'EG', 'Egypt'),
(69, 'EH', 'Western Sahara'),
(70, 'ER', 'Eritrea'),
(71, 'ES', 'Spain'),
(72, 'ET', 'Ethiopia'),
(73, 'FI', 'Finland'),
(74, 'FJ', 'Fiji'),
(75, 'FK', 'Falkland Islands'),
(76, 'FM', 'Micronesia'),
(77, 'FO', 'Faroe Islands'),
(78, 'FQ', 'French Southern and Antarctic Territories'),
(79, 'FR', 'France'),
(80, 'FX', 'Metropolitan France'),
(81, 'GA', 'Gabon'),
(82, 'GB', 'United Kingdom'),
(83, 'GD', 'Grenada'),
(84, 'GE', 'Georgia'),
(85, 'GF', 'French Guiana'),
(86, 'GG', 'Guernsey'),
(87, 'GH', 'Ghana'),
(88, 'GI', 'Gibraltar'),
(89, 'GL', 'Greenland'),
(90, 'GM', 'Gambia'),
(91, 'GN', 'Guinea'),
(92, 'GP', 'Guadeloupe'),
(93, 'GQ', 'Equatorial Guinea'),
(94, 'GR', 'Greece'),
(95, 'GS', 'South Georgia and the South Sandwich Islands'),
(96, 'GT', 'Guatemala'),
(97, 'GU', 'Guam'),
(98, 'GW', 'Guinea-Bissau'),
(99, 'GY', 'Guyana'),
(100, 'HK', 'Hong Kong SAR China'),
(101, 'HM', 'Heard Island and McDonald Islands'),
(102, 'HN', 'Honduras'),
(103, 'HR', 'Croatia'),
(104, 'HT', 'Haiti'),
(105, 'HU', 'Hungary'),
(106, 'ID', 'Indonesia'),
(107, 'IE', 'Ireland'),
(108, 'IL', 'Israel'),
(109, 'IM', 'Isle of Man'),
(110, 'IN', 'India'),
(111, 'IO', 'British Indian Ocean Territory'),
(112, 'IQ', 'Iraq'),
(113, 'IR', 'Iran'),
(114, 'IS', 'Iceland'),
(115, 'IT', 'Italy'),
(116, 'JE', 'Jersey'),
(117, 'JM', 'Jamaica'),
(118, 'JO', 'Jordan'),
(119, 'JP', 'Japan'),
(120, 'JT', 'Johnston Island'),
(121, 'KE', 'Kenya'),
(122, 'KG', 'Kyrgyzstan'),
(123, 'KH', 'Cambodia'),
(124, 'KI', 'Kiribati'),
(125, 'KM', 'Comoros'),
(126, 'KN', 'Saint Kitts and Nevis'),
(127, 'KP', 'North Korea'),
(128, 'KR', 'South Korea'),
(129, 'KW', 'Kuwait'),
(130, 'KY', 'Cayman Islands'),
(131, 'KZ', 'Kazakhstan'),
(132, 'LA', 'Laos'),
(133, 'LB', 'Lebanon'),
(134, 'LC', 'Saint Lucia'),
(135, 'LI', 'Liechtenstein'),
(136, 'LK', 'Sri Lanka'),
(137, 'LR', 'Liberia'),
(138, 'LS', 'Lesotho'),
(139, 'LT', 'Lithuania'),
(140, 'LU', 'Luxembourg'),
(141, 'LV', 'Latvia'),
(142, 'LY', 'Libya'),
(143, 'MA', 'Morocco'),
(144, 'MC', 'Monaco'),
(145, 'MD', 'Moldova'),
(146, 'ME', 'Montenegro'),
(147, 'MF', 'Saint Martin'),
(148, 'MG', 'Madagascar'),
(149, 'MH', 'Marshall Islands'),
(150, 'MI', 'Midway Islands'),
(151, 'MK', 'Macedonia'),
(152, 'ML', 'Mali'),
(153, 'MM', 'Myanmar [Burma]'),
(154, 'MN', 'Mongolia'),
(155, 'MO', 'Macau SAR China'),
(156, 'MP', 'Northern Mariana Islands'),
(157, 'MQ', 'Martinique'),
(158, 'MR', 'Mauritania'),
(159, 'MS', 'Montserrat'),
(160, 'MT', 'Malta'),
(161, 'MU', 'Mauritius'),
(162, 'MV', 'Maldives'),
(163, 'MW', 'Malawi'),
(164, 'MX', 'Mexico'),
(165, 'MY', 'Malaysia'),
(166, 'MZ', 'Mozambique'),
(167, 'NA', 'Namibia'),
(168, 'NC', 'New Caledonia'),
(169, 'NE', 'Niger'),
(170, 'NF', 'Norfolk Island'),
(171, 'NG', 'Nigeria'),
(172, 'NI', 'Nicaragua'),
(173, 'NL', 'Netherlands'),
(174, 'NO', 'Norway'),
(175, 'NP', 'Nepal'),
(176, 'NQ', 'Dronning Maud Land'),
(177, 'NR', 'Nauru'),
(178, 'NT', 'Neutral Zone'),
(179, 'NU', 'Niue'),
(180, 'NZ', 'New Zealand'),
(181, 'OM', 'Oman'),
(182, 'PA', 'Panama'),
(183, 'PC', 'Pacific Islands Trust Territory'),
(184, 'PE', 'Peru'),
(185, 'PF', 'French Polynesia'),
(186, 'PG', 'Papua New Guinea'),
(187, 'PH', 'Philippines'),
(188, 'PK', 'Pakistan'),
(189, 'PL', 'Poland'),
(190, 'PM', 'Saint Pierre and Miquelon'),
(191, 'PN', 'Pitcairn Islands'),
(192, 'PR', 'Puerto Rico'),
(193, 'PS', 'Palestinian Territories'),
(194, 'PT', 'Portugal'),
(195, 'PU', 'U.S. Miscellaneous Pacific Islands'),
(196, 'PW', 'Palau'),
(197, 'PY', 'Paraguay'),
(198, 'PZ', 'Panama Canal Zone'),
(199, 'QA', 'Qatar'),
(200, 'RE', 'Reunion'),
(201, 'RO', 'Romania'),
(202, 'RS', 'Serbia'),
(203, 'RU', 'Russia'),
(204, 'RW', 'Rwanda'),
(205, 'SA', 'Saudi Arabia'),
(206, 'SB', 'Solomon Islands'),
(207, 'SC', 'Seychelles'),
(208, 'SD', 'Sudan'),
(209, 'SE', 'Sweden'),
(210, 'SG', 'Singapore'),
(211, 'SH', 'Saint Helena'),
(212, 'SI', 'Slovenia'),
(213, 'SJ', 'Svalbard and Jan Mayen'),
(214, 'SK', 'Slovakia'),
(215, 'SL', 'Sierra Leone'),
(216, 'SM', 'San Marino'),
(217, 'SN', 'Senegal'),
(218, 'SO', 'Somalia'),
(219, 'SR', 'Surilib'),
(221, 'SU', 'Union of Soviet Socialist Republics'),
(222, 'SV', 'El Salvador'),
(223, 'SY', 'Syria'),
(224, 'SZ', 'Swaziland'),
(225, 'TC', 'Turks and Caicos Islands'),
(226, 'TD', 'Chad'),
(227, 'TF', 'French Southern Territories'),
(228, 'TG', 'Togo'),
(229, 'TH', 'Thailand'),
(230, 'TJ', 'Tajikistan'),
(231, 'TK', 'Tokelau'),
(232, 'TL', 'Timor-Leste'),
(233, 'TM', 'Turkmenistan'),
(234, 'TN', 'Tunisia'),
(235, 'TO', 'Tonga'),
(236, 'TR', 'Turkey'),
(237, 'TT', 'Trinidad and Tobago'),
(238, 'TV', 'Tuvalu'),
(239, 'TW', 'Taiwan'),
(240, 'TZ', 'Tanzania'),
(241, 'UA', 'Ukraine'),
(242, 'UG', 'Uganda'),
(243, 'UM', 'U.S. Minor Outlying Islands'),
(244, 'US', 'United States'),
(245, 'UY', 'Uruguay'),
(246, 'UZ', 'Uzbekistan'),
(247, 'VA', 'Vatican City'),
(248, 'VC', 'Saint Vincent and the Grenadines'),
(249, 'VD', 'North Vietnam'),
(250, 'VE', 'Venezuela'),
(251, 'VG', 'British Virgin Islands'),
(252, 'VI', 'U.S. Virgin Islands'),
(253, 'VN', 'Vietnam'),
(254, 'VU', 'Vanuatu'),
(255, 'WF', 'Wallis and Futuna'),
(256, 'WK', 'Wake Island'),
(257, 'WS', 'Samoa'),
(258, 'YD', 'People\'s Democratic Republic of Yemen'),
(259, 'YE', 'Yemen'),
(260, 'YT', 'Mayotte'),
(261, 'ZA', 'South Africa'),
(262, 'ZM', 'Zambia'),
(263, 'ZW', 'Zimbabwe'),
(264, 'ZZ', 'Unknown or Invalid Region'),
(265, 'AB', 'Abkhazia');




INSERT INTO `gen_gender` (`id_gender`, `lib`) VALUES
(1, 'Monsieur'),
(2, 'Madame'),
(3, 'Mademoiselle');



INSERT INTO `gen_locales` (`id_locales`, `locale`, `language`, `country`, `lib_fr`, `lib_en`, `lib_language`, `lib`, `is_master`, `id_country`, `iso_translator`) VALUES
(1, 'en_US', 'en', 'US', 'Anglais', 'English', 'English', 'English (en_US)', 1, 79, 'en-US'),
(4, 'fr_FR', 'fr', 'FR', 'Français', 'French', 'Français', 'Français (fr_FR)', 1, 79, 'fr'),
(5, 'zh_HK', 'zh', 'HK', 'Chinois simplifié', 'Simplified chinese (Hong Kong)', 'Simplified chinese (Hong Kong)', 'Simplified chinese (Hong Kong)', 0, 49, 'zh'),
(6, 'de_DE', 'de', 'DE', 'Allemand', 'Germain', 'Deustch', 'Germain', 0, 60, 'de'),
(7, 'it_IT', 'it', 'IT', 'Italien', 'Italian', 'Italia', 'Italian', 0, 0, 'it'),
(9, 'af_ZA', 'af', 'ZA', 'Zoulou', 'South african', 'South african', 'South african', 0, 261, 'af'),
(10, 'en_ZA', 'en', 'ZA', 'Anglais sud african', 'South african english', 'South african english', 'South african english', 0, 261, 'en'),
(11, 'en_DE', 'en', 'DE', 'Anglais allemand', 'German english', 'German english', 'German english', 0, 60, 'en'),
(12, 'de_AT', 'de', 'AT', 'Autrichien', 'Austrian', 'Austrian', 'Austrian', 0, 13, 'de'),
(13, 'en_AT', 'en', 'AT', 'Anglais autrichien', 'Austrian english', 'Austrian english', 'Austrian english', 0, 13, 'en'),
(15, 'en_BE', 'en', 'BE', 'Anglais belge', 'Belgian english', 'Belgian english', 'Belgian english', 0, 21, 'en'),
(16, 'nl_BE', 'nl', 'BE', 'Neerlandais', 'Belgian dutch', 'Belgian dutch', 'Belgian dutch', 0, 21, 'nl'),
(17, 'sr_BA', 'sr', 'BA', 'Bosniaque', 'Bosnian', 'Serbian (Bosnia and Herzegovina)', 'Serbian (Bosnia and Herzegovina)', 0, 18, 'sr'),
(18, 'en_BA', 'en', 'BA', 'Anglais bosniaque', 'Bosnian english', 'Bosnian english', 'Bosnian english', 0, 18, 'en'),
(19, 'bg_BG', 'bg', 'BG', 'Bulgare', 'Bulgarian', 'Bulgarian', 'Bulgarian', 0, 23, 'bg'),
(20, 'en_BG', 'en', 'BG', 'Anglais bulgare', 'Bulgarian english', 'Bulgarian english', 'Bulgarian english', 0, 23, 'en'),
(25, 'es_CO', 'es', 'CO', 'Colombien', 'Colombian', 'Colombian', 'Colombian', 0, 50, 'es'),
(26, 'en_CO', 'en', 'CO', 'Anglais colombien', 'Colombian english', 'Colombian english', 'Colombian english', 0, 50, 'en'),
(27, 'ko_KR', 'ko', 'KR', 'Sud coreen', 'South korean', 'South korean', 'South korean', 0, 128, 'ko'),
(28, 'en_KR', 'en', 'KR', 'Anglais sud coreen', 'South korean english', 'South korean english', 'South korean english', 0, 128, 'en'),
(29, 'da_DK', 'da', 'DK', 'Danois', 'Danish', 'Danish', 'Danish', 0, 62, 'da'),
(30, 'en_DK', 'en', 'DK', 'Anglais danois', 'Danish english', 'Danish english', 'Danish english', 0, 62, 'en'),
(32, 'en_ES', 'en', 'ES', 'Anglais espagnol', 'Spanish english', 'Spanish english', 'Spanish english', 0, 71, 'en'),
(33, 'et_EE', 'et', 'EE', 'Estonien', 'Estonian', 'Estonian', 'Estonian', 0, 67, 'et'),
(34, 'en_EE', 'en', 'EE', 'Anglais estonien', 'Estonian english', 'Estonian english', 'Estonian english', 0, 67, 'en'),
(35, 'lt_LT', 'lt', 'LT', 'Lituanien', 'Lithuanian', 'Lithuanian', 'Lithuanian', 0, 139, 'lt'),
(36, 'en_LT', 'en', 'LT', 'Anglais lituanien', 'Lithuanian english', 'Lithuanian english', 'Lithuanian english', 0, 139, 'en'),
(37, 'lv_LV', 'lv', 'LV', 'Letton', 'Latvian', 'Latvian', 'Latvian', 0, 141, 'lv'),
(38, 'en_LV', 'en', 'LV', 'Anglais letton', 'Letvian english', 'Letvian english', 'Letvian english', 0, 141, 'en'),
(39, 'fi_FI', 'fi', 'FI', 'Finnois', 'Finnish', 'Finnish', 'Finnish', 0, 73, 'fi'),
(40, 'en_FI', 'en', 'FI', 'Anglais finnois', 'Fennish english', 'Fennish english', 'Fennish english', 0, 73, 'en'),
(41, 'el_GR', 'el', 'GR', 'Grec', 'Greek', 'Greek', 'Greek', 0, 94, 'el'),
(42, 'en_GR', 'en', 'GR', 'Anglais grec', 'Greek english', 'Greek english', 'Greek english', 0, 94, 'en'),
(43, 'zh_CN', 'zh', 'CN', 'Chinois simplifie', 'Simplified chinese', 'Simplified chinese', 'Simplified chinese', 0, 49, 'zh'),
(44, 'fr_GP', 'fr', 'GP', 'Guadeloupeen', 'Guadeloupe', 'Guadeloupe', 'Guadeloupe', 0, 92, 'fr'),
(45, 'en_GP', 'en', 'GP', 'Anglais guadeloupeen', 'Guadeloupe english', 'Guadeloupe english', 'Guadeloupe english', 0, 92, 'en'),
(46, 'en_CN', 'en', 'CN', 'Anglais chinois', 'Chinese english', 'Chinese english', 'Chinese english', 0, 49, 'en'),
(49, 'en_HK', 'en', 'HK', 'Anglais Hong Kong', 'Hong Kong english', 'Hong Kong english', 'Hong Kong english', 0, 100, 'en'),
(57, 'en_IE', 'en', 'IE', 'Anglais irlandais', 'Irish english', 'Irish english', 'Irish english', 0, 107, 'en'),
(61, 'en_IL', 'en', 'IL', 'Anglais Israelien', 'Israeli english', 'Israeli english', 'Israeli english', 0, 108, 'en'),
(64, 'ar_LB', 'ar', 'LB', 'Libanais', ' Lebanese', ' Lebanese', 'Lebanese', 0, 133, 'ar'),
(65, 'fr_LB', 'fr', 'LB', 'Français libanais', 'Lebanese french', 'Lebanese french', 'Lebanese french', 0, 133, 'fr'),
(66, 'en_LB', 'en', 'LB', 'Anglais libanais', 'Lebanese english', 'Lebanese english', 'Lebanese english', 0, 133, 'en'),
(67, 'ms_MY', 'ms', 'MY', 'Malais', 'Malay', 'Malay', 'Malay', 0, 165, 'ms'),
(68, 'en_MY', 'en', 'MY', 'Anglais malais', 'Malay english', 'Malay english', 'Malay english', 0, 165, 'en'),
(69, 'zh_SG', 'zh', 'SG', 'Chinois Singapour', 'Singapore chinese', 'Singapore chinese', 'Singapore chinese', 0, 210, 'zh'),
(70, 'en_SG', 'en', 'SG', 'Anglais Singapour', 'Singapore english', 'Singapore english', 'Singapore english', 0, 210, 'en'),
(71, 'mt_MT', 'mt', 'MT', 'Maltais', 'Maltese', 'Maltese', 'Maltese', 0, 160, 'mt'),
(72, 'en_MT', 'en', 'MT', 'Anglais maltais', 'Malteses english', 'Malteses english', 'Malteses english', 0, 160, 'en'),
(73, 'it_MT', 'it', 'MT', 'Italien maltais', 'Maltese italian', 'Maltese italian', 'Maltese italian', 0, 160, 'it'),
(74, 'ar_MA', 'ar', 'MA', 'Marocain', 'Morrocan', 'Morrocan', 'Morrocan', 0, 143, 'ar'),
(75, 'fr_MA', 'fr', 'MA', 'Français marocain', 'French', 'French', 'French', 0, 143, 'fr'),
(76, 'en_MA', 'en', 'MA', 'Anglais marocain', 'Morrocan english', 'Morrocan english', 'Morrocan english', 0, 143, 'en'),
(77, 'no_NO', 'no', 'NO', 'Norvegien', 'Norwegian', 'Norwegian', 'Norwegian', 0, 174, 'no'),
(78, 'en_NO', 'en', 'NO', 'Anglais norvegien', 'Norwegian english', 'Norwegian english', 'Norwegian english', 0, 174, 'en'),
(79, 'fr_NC', 'fr', 'NC', 'Français nouvelle-caledonie', 'New caledonia french', 'New caledonia french', 'New caledonia french', 0, 168, 'fr'),
(80, 'en_NC', 'en', 'NC', 'Anglais Nouvelle Caledonie', 'New caledonia english', 'New caledonia english', 'New caledonia english', 0, 168, 'en'),
(81, 'ar_OM', 'ar', 'OM', 'Omanais', 'Omani', 'Omani', 'Omani', 0, 181, 'ar'),
(82, 'en_OM', 'en', 'OM', 'Anglais omanais', 'Omani english', 'Omani english', 'Omani english', 0, 181, 'en'),
(83, 'es_PA', 'es', 'PA', 'Panameen', 'Panamanian', 'Panamanian', 'Panamanian', 0, 182, 'es'),
(84, 'en_PA', 'en', 'PA', 'Anglais panameen', 'Panamanian english', 'Panamanian english', 'Panamanian english', 0, 182, 'en'),
(85, 'nl_NL', 'nl', 'NL', 'Neerlandais', 'Dutch', 'Dutch', 'Dutch', 0, 173, 'nl'),
(86, 'en_NL', 'en', 'NL', 'Anglais neerlandais', 'Dutch english', 'Dutch english', 'Dutch english', 0, 173, 'en'),
(87, 'pl_PL', 'pl', 'PL', 'Polonais', 'Polish', 'Polish', 'Polish', 0, 189, 'pl'),
(88, 'en_PL', 'en', 'PL', 'Anglais polonais', 'Polish english', 'Polish english', 'Polish english', 0, 189, 'en'),
(89, 'es_DO', 'es', 'DO', 'Espagnol (Republique dominicaine)', 'Spanish (Dominican republic)', 'Spanish (Dominican republic)', 'Spanish (Dominican republic)', 0, 64, 'es'),
(90, 'en_DO', 'en', 'DO', 'Anglais (Republique dominicaine)', 'English (Dominican republic)', 'English (Dominican republic)', 'English (Dominican republic)', 0, 64, 'en'),
(91, 'cs_CZ', 'cs', 'CZ', 'Tcheque', 'Czech', 'Czech', 'Czech', 0, 58, 'cs'),
(92, 'en_CZ', 'en', 'CZ', 'Anglais tcheque', 'Czech english', 'Czech english', 'Czech english', 0, 58, 'en'),
(93, 'fr_RE', 'fr', 'RE', 'Reunionais', 'Reunionese', 'Reunionese', 'Reunionese', 0, 200, 'fr'),
(94, 'en_RE', 'en', 'RE', 'Anglais reunionais', 'Reunionese english', 'Reunionese english', 'Reunionese english', 0, 200, 'en'),
(95, 'ro_RO', 'ro', 'RO', 'Roumain', 'Romanian', 'Romanian', 'Romanian', 0, 201, 'ro'),
(96, 'en_RO', 'en', 'RO', 'Anglais roumain', 'Romanian english', 'Romanian english', 'Romanian english', 0, 201, 'en'),
(97, 'ru_RU', 'ru', 'RU', 'Russe', 'Russian', 'Russian', 'Russian', 0, 203, 'ru'),
(98, 'en_RU', 'en', 'RU', 'Anglais russe', 'Russian english', 'Russian english', 'Russian english', 0, 203, 'en'),
(99, 'uk_UA', 'uk', 'UA', 'Ukrainien', 'Ukrainian', 'Ukrainian', 'Ukrainian', 0, 241, 'uk'),
(100, 'en_UA', 'en', 'UA', 'Anglais ukrainien', 'Ukrainian english', 'Ukrainian english', 'Ukrainian english', 0, 241, 'en'),
(101, 'sr_RS', 'sr', 'RS', 'Serbe', 'Serbian', 'Serbian', 'Serbian', 0, 202, 'sr'),
(102, 'sr_CS', 'sr', 'CS', 'Serbe (Serbie et Montenegro)', 'Serbian (Serbia and Montenegro)', 'Serbian (Serbia and Montenegro)', 'Serbian (Serbia and Montenegro)', 0, 52, 'sr'),
(103, 'en_RS', 'en', 'RS', 'Anglais serbe', 'Serbian english', 'Serbian english', 'Serbian english', 0, 202, 'en'),
(104, 'sv_SE', 'sv', 'SE', 'Suedois', 'Swedish', 'Swedish', 'Swedish', 0, 209, 'sv'),
(105, 'en_SE', 'en', 'SE', 'Anglais Suédois', 'Swedish english', 'Swedish english', 'Swedish english', 0, 209, 'en'),
(106, 'fr_PF', 'fr', 'PF', 'Français (Tahiti)', 'French (Tahiti)', 'French (Tahiti)', 'French (Tahiti)', 0, 185, 'fr'),
(107, 'en_PF', 'en', 'PF', 'Anglais (Tahiti)', 'English (Tahiti)', 'English (Tahiti)', 'English (Tahiti)', 0, 185, 'en'),
(108, 'zh_TW', 'zh', 'TW', 'Taiwanais (chinois simplifie)', 'Taiwanese (simplified chinese)', 'Taiwanese (simplified chinese)', 'Taiwanese (simplified chinese)', 0, 239, 'zh'),
(109, 'en_TW', 'en', 'TW', 'Anglais taiwanais', 'Taiwanese english', 'Taiwanese english', 'Taiwanese english', 0, 239, 'en'),
(110, 'th_TH', 'th', 'TH', 'Thaï', 'Thai', 'Thai', 'Thai', 0, 229, 'th'),
(111, 'en_TH', 'en', 'TH', 'Anglais Thaï', 'Thai english', 'Thai english', 'Thai english', 0, 229, 'en'),
(112, 'tr_TR', 'tr', 'TR', 'Turc', 'Turkish', 'Turkish', 'Turkish', 0, 236, 'tr'),
(113, 'en_TR', 'en', 'TR', 'Anglais turc', 'Turkish english', 'Turkish english', 'Turkish english', 0, 236, 'en'),
(114, 'es_US', 'es', 'US', 'Espagnol americain', 'American spanish', 'American spanish', 'American spanish', 0, 244, 'es'),
(115, 'zt_CN', 'zt', 'CN', 'Chinois traditionnel', 'Traditional chinese', 'Traditional chinese', 'Traditional chinese', 0, 49, 'zt'),
(116, 'zt_HK', 'zt', 'HK', 'Chinois traditionnel (Hong Kong)', 'Traditional chinese (Hong Kong)', 'Traditional chinese (Hong Kong)', 'Traditional chinese (Hong Kong)', 0, 100, 'zt'),
(117, 'zt_TW', 'zt', 'TW', 'Chinois traditionnel (Taiwan)', 'Traditional chinese (Taiwan)', 'Traditional chinese (Taiwan)', 'Traditional chinese (Taiwan)', 0, 239, 'zt'),
(118, 'en_SA', 'en', 'SA', 'Anglais', 'English', 'English (Saudi Arabia)', 'English (Saudi Arabia)', 0, 205, 'en'),
(119, 'en_AE', 'en', 'AE', 'Anglais', 'French', 'English (United Arab Emirates)', 'English (United Arab Emirates)', 0, 2, 'en'),
(120, 'en_VN', 'en', 'VN', 'Anglais', 'English', 'English (Vietnam)', 'English (Vietnam)', 0, 253, 'en'),
(121, 'fr_VN', 'fr', 'VN', 'Français', 'French', 'French (Vietnam)', 'French (Vietnam)', 0, 253, 'fr'),
(122, 'vi_VN', 'vi', 'VN', 'Vietnamien', 'Vietnamese', 'Vietnamese (Vietnam)', 'Vietnamese (Vietnam)', 0, 253, 'vi'),
(123, 'ar_SA', 'ar', 'SA', 'Arabe', 'Arabic', 'Arabic (Saudi Arabia)', 'Arabic (Saudi Arabia)', 0, 205, 'ar'),
(124, 'ar_AE', 'ar', 'AE', 'Arabe', 'Arabic', 'Arabic (United Arab Emirates)', 'Arabic (United Arab Emirates)', 0, 2, 'ar'),
(125, 'pt_PT', 'pt', 'PT', 'Portugais', 'Portuguese', 'Portugais', 'Portugais', 0, 194, 'pt'),
(126, 'jp_JP', 'jp', 'JP', 'Japon', 'Japan', 'Japon', 'Japan', 0, 119, 'ja'),
(128, 'es_ES', 'es', 'ES', 'Spain', 'Spanish', 'Espagnol', 'Espagnol', 0, 71, 'es');


INSERT INTO `gen_usertypes` (`id_usertypes`, `is_valid`, `lib`, `level`, `created_at`, `updated_at`, `is_admin`, `bootstrap_url`) VALUES
(1, 1, 'Admin multisite', 'rwxrwxrwx', '2013-07-04 03:41:29', '2017-03-06 13:10:26', 1, NULL),
(16, 1, 'Admin site seul', '......rwx', '2013-11-08 06:25:41', '2017-03-08 13:17:03', 1, NULL);


